1;1;H;22;1.75;106.3;34.71020408;1;0.62611317;0.061;1.695664709;27.47236972;0.061710713;50.2625;2.144548173;43.8776423;805.501181;3.360160587
1;1;H;22;1.75;106.3;34.71020408;2;0.189984386;4.517;1.586227312;27.47236972;-0.448364496;53.573;2.06939933;152.391447;858.7594243;3.895394283
1;1;H;22;1.75;106.3;34.71020408;3;0.200914864;-0.61;1.5859443;27.47236972;0.085759091;52.07825;2.082275024;141.1901109;840.7860276;3.945918208
1;1;H;22;1.75;106.3;34.71020408;4;0.712686951;4.883;1.594148219;27.47236972;-0.422097445;53.75675;2.052934229;41.58899081;921.3129277;3.973342064
1;1;H;22;1.75;106.3;34.71020408;5;0.61695258;3.296;1.561102735;27.47236972;-0.279616052;53.04;2.05515236;46.58947007;848.351107;3.78292621
1;1;H;22;1.75;106.3;34.71020408;6;0.580503607;0.183;1.644282653;27.47236972;0.044115871;49.194;2.1409842;46.5653157;750.5461759;3.82814343
1;1;H;22;1.75;106.3;34.71020408;7;0.295436424;3.54;1.548915861;27.47236972;-0.351176146;50.599;2.032362032;93.8185027;787.0623838;3.944125125
1;1;H;22;1.75;106.3;34.71020408;8;0.801465347;3.6315;1.653136472;27.47236972;-0.301503393;51.086;2.081279584;35.1346843;831.0607256;3.795265933
1;1;H;22;1.75;106.3;34.71020408;9;0.569541358;1.709;1.655758383;27.47236972;-0.132453152;45.777;2.129642945;45.31398518;694.3984171;3.900220293
1;1;H;22;1.75;106.3;34.71020408;10;2.469927141;3.0215;2.374225525;28.09477191;-0.05889774;47.547;1.88615993;11.37473711;691.4337651;3.80800469
1;2;H;22;1.75;106.3;34.71020408;1;-2.022256488;-2.136;1.675960347;24.37555904;0.01399888;44.93725;2.116770575;-12.05364364;618.0020894;3.327211502
1;2;H;22;1.75;106.3;34.71020408;2;-1.28554551;2.38;1.794566204;24.37555904;-0.456387603;43.763;2.020662938;-18.74297713;586.6969074;3.800594735
1;2;H;22;1.75;106.3;34.71020408;3;-1.908045656;1.953;1.72005195;24.37555904;-0.486370159;43.1215;2.039913515;-12.48160713;581.5526655;3.87451861
1;2;H;22;1.75;106.3;34.71020408;4;-1.801576101;1.0685;1.686655884;24.37555904;-0.365183648;42.542;2.043283874;-13.08732032;574.2462543;3.97375146
1;2;H;22;1.75;106.3;34.71020408;5;-1.765117053;-0.61;1.717796737;24.37555904;-0.145676191;43.86875;2.02739262;-13.47674968;579.8058737;3.694054719
1;2;H;22;1.75;106.3;34.71020408;6;-1.745996305;1.526;1.781269789;24.37555904;-0.405856329;44.0365;2.082257368;-13.85218924;603.8142417;3.748667982
1;2;H;22;1.75;106.3;34.71020408;7;-2.018685682;-1.16;1.814763918;24.37555904;-0.112881668;40.832;2.054072967;-11.3048123;524.5809966;3.648931914
1;2;H;22;1.75;106.3;34.71020408;8;-1.686901032;-1.709;1.935845229;24.37555904;0.002809098;41.73275;2.017417327;-13.99061433;566.792673;3.84175381
1;2;H;22;1.75;106.3;34.71020408;9;-1.532336207;1.7395;1.93262933;24.37555904;-0.450759372;38.88;1.994688481;-14.21065122;503.1717882;3.750591849
1;2;H;22;1.75;106.3;34.71020408;10;1.720444356;2.441;6.557419565;25.2599901;-0.085576713;32.044;1.712591817;14.68224765;490.8292459;2.560755642
2;1;M;23;1.60;66;25.78125;1;-5.596740548;-10.01;2.094907185;41.77464175;0.316933379;70.129;2.066573044;-7.464101898;1872.704038;4.518868092
2;1;M;23;1.60;66;25.78125;2;-5.4331902;-7.935;1.88708671;41.77464175;0.191211932;68.37525;2.134049284;-7.224464247;1659.602173;4.116064636
2;1;M;23;1.60;66;25.78125;3;-4.533240949;-2.533;1.765550139;41.77464175;-0.158176152;67.688;2.094834398;-8.368618312;1509.129194;4.230146103
2;1;M;23;1.60;66;25.78125;4;-4.756710494;-7.5375;1.913969185;41.77464175;0.2162525;65.7655;2.12031352;-8.110012336;1590.768327;4.17764536
2;1;M;23;1.60;66;25.78125;5;-4.969833974;-8.545;1.917139259;41.77464175;0.285937274;64.0565;2.13459459;-7.547529453;1491.777765;4.096033956
2;1;M;23;1.60;66;25.78125;6;-5.245743346;-10.8335;1.957931818;41.77464175;0.457003548;61.035;2.101896771;-6.992494428;1409.752045;4.453663068
2;1;M;23;1.60;66;25.78125;7;-5.113293369;-8.728;2.016572311;41.77464175;0.284063869;64.13275;2.111072989;-7.465821496;1525.69442;4.482608308
2;1;M;23;1.60;66;25.78125;8;-4.684773182;-5.371;1.944013189;41.77464175;0.053268412;64.74275;2.151585641;-8.249556886;1539.113677;4.365784329
2;1;M;23;1.60;66;25.78125;9;-4.865668874;-4.333;2.194276879;41.77464175;-0.041314972;62.744;2.035639958;-7.949293994;1511.611692;4.425264314
2;1;M;23;1.60;66;25.78125;10;-4.88559614;-7.69;1.77695658;41.77464175;0.204382825;74.051;2.106797314;-8.425580813;1756.666906;4.202148898
2;1;M;23;1.60;66;25.78125;11;52.23382836;48.767;1.974983537;36.39489303;0.285767706;55.542;2.237075778;0.69676863;4154.948322;3.784189634
2;2;M;23;1.60;66;25.78125;1;-0.630486795;-3.418;2.260717349;35.70544767;0.234209068;56.71625;2.079907459;-56.63155509;1302.925562;4.551397039
2;2;M;23;1.60;66;25.78125;2;-0.432030935;-2.319;2.308412999;35.70544767;0.168048098;53.589;2.071780586;-77.97180487;1144.763695;4.623241211
2;2;M;23;1.60;66;25.78125;3;-0.315947894;-1.526;2.129362703;35.70544767;0.098782103;60.28675;2.06788181;-116.3138936;1338.673487;4.574398527
2;2;M;23;1.60;66;25.78125;4;-0.284837782;-2.258;2.020048855;35.70544767;0.178931205;53.97025;2.152192516;-116.1449582;1130.993747;4.466691511
2;2;M;23;1.60;66;25.78125;5;-0.433201534;-1.648;2.069164567;35.70544767;0.106292293;55.176;2.183967409;-79.14686718;1221.675744;4.194305913
2;2;M;23;1.60;66;25.78125;6;-0.270804648;-3.235;2.247167256;35.70544767;0.257813377;53.284;2.067977872;-127.369814;1235.844704;4.665010186
2;2;M;23;1.60;66;25.78125;7;-0.421198372;-2.686;2.100507039;35.70544767;0.178575465;61.3105;2.116206248;-90.33227534;1523.350088;4.823575256
2;2;M;23;1.60;66;25.78125;8;0.060020014;-3.723;2.16523205;35.70544767;0.325126601;56.53325;2.054410966;581.5824542;1258.854464;4.357304952
2;2;M;23;1.60;66;25.78125;9;-1.095003987;-4.761;2.281895746;35.70544767;0.317560869;54.078;2.071784243;-31.62791482;1194.413606;4.728398686
2;2;M;23;1.60;66;25.78125;10;-0.908248249;-4.578;2.147891082;35.70544767;0.305058779;59.12775;2.060026215;-39.73469137;1300.527117;4.981802544
2;2;M;23;1.60;66;25.78125;11;-0.710601997;-4.15;2.177070939;35.70544767;0.286043218;58.899;1.992656;-50.7628049;1328.688098;4.612416595
2;2;M;23;1.60;66;25.78125;12;21.31088889;0.916;2.918468374;40.28857251;1.518660574;59.31075;1.792230156;1.890515817;1433.600909;1.719563178
3;1;H;22;1.83;75.3;22.48499507;1;-0.338806023;-2.38;2.330118004;20.64258536;0.296648013;31.4635;2.044338786;-60.92744508;435.5354555;4.296761983
3;1;H;22;1.83;75.3;22.48499507;2;-0.601544517;-1.77;2.270577797;20.64258536;0.156181086;34.50025;2.088515894;-37.31102802;536.2255459;4.116877885
3;1;H;22;1.83;75.3;22.48499507;3;-0.760480337;-1.1295;2.139580664;20.64258536;0.053304327;33.508;2.108702246;-27.3099124;466.2194414;4.477336814
3;1;H;22;1.83;75.3;22.48499507;4;-0.80527993;-3.3875;2.3104665;20.64258536;0.375525008;32.288;2.046216117;-25.61702945;447.9610497;4.270884237
3;1;H;22;1.83;75.3;22.48499507;5;-0.603618506;-2.0445;2.149867306;20.64258536;0.233102998;29.1445;2.119923995;-30.7212663;354.69785;4.098087549
3;1;H;22;1.83;75.3;22.48499507;6;-0.393221207;-2.441;2.051011412;20.64258536;0.302897293;33.874;2.061051411;-51.57888763;435.019222;3.949290865
3;1;H;22;1.83;75.3;22.48499507;7;-0.587742321;-2.5325;2.142473056;20.64258536;0.309699463;29.236;2.050659337;-32.05230995;363.3624405;4.056758069
3;1;H;22;1.83;75.3;22.48499507;8;-0.321785896;-2.747;2.450832141;20.64258536;0.372820349;30.37975;1.999546248;-60.64635805;384.189697;4.25765414
3;1;H;22;1.83;75.3;22.48499507;9;-0.546439716;-2.319;2.148454793;20.64258536;0.267972114;31.8295;2.125033818;-36.31536471;395.2950927;4.130565826
3;1;H;22;1.83;75.3;22.48499507;10;-0.264462555;-1.831;2.147654699;20.64258536;0.219438062;34.46975;2.1380406;-80.98151299;466.5037461;4.047069643
3;1;H;22;1.83;75.3;22.48499507;11;-0.793202669;-1.709;1.966877322;20.64258536;0.135767149;34.28575;2.110537416;-25.51183895;392.1919645;4.268249573
3;1;H;22;1.83;75.3;22.48499507;12;-0.557391905;-1.709;2.136101526;20.64258536;0.160107334;34.53075;2.166761287;-38.71275513;453.6422024;4.212868064
3;1;H;22;1.83;75.3;22.48499507;13;-0.521446903;-0.5795;2.190849091;20.64258536;0.009069857;30.273;2.103578533;-36.82443787;385.8206255;4.189140999
3;1;H;22;1.83;75.3;22.48499507;14;76.69065;71.1975;1.842444493;62.40583776;0.264069045;93.5365;2.038037195;0.813734631;9851.227236;0
3;2;H;22;1.83;75.3;22.48499507;1;3.496535817;2.93;2.016971811;21.65904231;0.078471034;36.48375;2.119736952;6.194428842;463.3232624;4.364567413
3;2;H;22;1.83;75.3;22.48499507;2;3.528474768;2.93;1.896604483;21.65904231;0.075066749;41.5955;2.193909973;6.778482481;591.0498628;4.006900191
3;2;H;22;1.83;75.3;22.48499507;3;3.511050802;2.38;2.133297487;21.65904231;0.156031837;34.973;2.144286547;6.193740863;493.1964315;4.111480844
3;2;H;22;1.83;75.3;22.48499507;4;3.899135729;3.235;2.172742699;21.65904231;0.076514777;41.199;2.192317762;6.678277041;708.9094276;4.153661139
3;2;H;22;1.83;75.3;22.48499507;5;3.633730955;3.174;2.045983978;21.65904231;0.060490354;37.97925;2.111840327;6.274600923;535.8357061;4.230840307
3;2;H;22;1.83;75.3;22.48499507;6;3.578333651;2.502;2.126054968;21.65904231;0.134040124;38.37575;2.129786521;6.732130409;626.4247464;4.3252358
3;2;H;22;1.83;75.3;22.48499507;7;3.184825472;1.587;1.985965971;21.65904231;0.215552392;37.6895;2.17485764;6.982518746;505.666124;4.139822368
3;2;H;22;1.83;75.3;22.48499507;8;3.438327338;2.1665;2.089933083;21.65904231;0.156146248;40.832;2.138797562;7.106743449;632.4443708;4.334345231
3;2;H;22;1.83;75.3;22.48499507;9;3.375595074;1.953;2.024739427;21.65904231;0.192741892;37.5215;2.150786258;6.559580907;526.6909613;4.356342459
3;2;H;22;1.83;75.3;22.48499507;10;3.574026565;2.7165;2.071745821;21.65904231;0.1152301;36.988;2.129379471;6.246620502;525.8231682;4.306906004
3;2;H;22;1.83;75.3;22.48499507;11;10.82304603;5.0355;9.43917783;37.34764215;0.464892483;41.3515;1.591608742;3.450751485;621.8800918;4.552372
4;1;H;23;1.85;107.5;31.40978817;1;-0.133190717;-1.343;2.831568725;32.54356859;0.111525195;39.41375;1.980944784;-244.3381134;1092.450629;4.28764551
4;1;H;23;1.85;107.5;31.40978817;2;0.063411311;-0.122;2.508097468;32.54356859;0.020720352;37.30725;2.069067484;423.3442098;780.8591574;4.376418835
4;1;H;23;1.85;107.5;31.40978817;3;-0.047326749;-0.305;2.643945424;32.54356859;0.031378645;33.40125;2.066241176;-520.5347548;624.4843896;4.434409452
4;1;H;23;1.85;107.5;31.40978817;4;0.19964945;0.671;2.512068193;32.54356859;-0.055324615;36.7125;2.080614647;128.0202739;679.6398008;4.343186801
4;1;H;23;1.85;107.5;31.40978817;5;0.300204188;0.5795;2.58028646;32.54356859;-0.031066748;39.062;1.992858736;89.84070175;767.9174904;4.375246948
4;1;H;23;1.85;107.5;31.40978817;6;0.650173322;1.404;2.594117102;32.54356859;-0.088687081;36.23975;2.053975793;39.2196082;688.8851466;4.276034607
4;1;H;23;1.85;107.5;31.40978817;7;-0.164692308;0.366;2.674180031;32.54356859;-0.059188349;36.72775;1.957720181;-163.3256909;785.4444114;4.07587438
4;1;H;23;1.85;107.5;31.40978817;8;0.507776358;0.8235;2.682251103;32.54356859;-0.036415796;37.5365;1.997054271;51.22312555;697.3737682;4.361435653
4;1;H;23;1.85;107.5;31.40978817;9;-0.251879384;-1.709;2.649890031;32.54356859;0.16805934;36.6525;1.892297523;-103.2669814;702.3164342;4.567922525
4;1;H;23;1.85;107.5;31.40978817;10;-0.026184188;0.183;2.791881842;32.54356859;-0.025750578;32.97425;1.965912026;-930.7306217;625.0044481;4.148704138
4;1;H;23;1.85;107.5;31.40978817;11;0.203782609;0.488;2.685242099;32.54356859;-0.032962261;35.93375;1.975816592;126.9368737;687.6369219;4.372387302
4;1;H;23;1.85;107.5;31.40978817;12;0.031173401;-0.0305;2.689494009;32.54356859;0.007195699;35.888;2.023185737;824.8253407;685.7267306;4.494993285
4;2;H;23;1.85;107.5;31.40978817;1;-1.70978269;-2.869;2.656224673;25.17852946;0.138119739;37.659;1.905223545;-14.72615766;649.9557022;4.426716141
4;2;H;23;1.85;107.5;31.40978817;2;-1.315596249;-1.282;2.607484713;25.17852946;-0.004054626;37.15475;1.975321163;-18.89464113;622.6167702;4.265091454
4;2;H;23;1.85;107.5;31.40978817;3;-1.297412214;0.2745;2.786432613;25.17852946;-0.190402418;34.851;1.939993015;-19.08969993;644.1697632;4.610157727
4;2;H;23;1.85;107.5;31.40978817;4;-1.162928044;-0.366;2.754383542;25.17852946;-0.09956055;33.814;1.910781966;-20.64905746;593.8970509;4.654640391
4;2;H;23;1.85;107.5;31.40978817;5;-1.282637127;-0.0305;2.712039883;25.17852946;-0.147796326;36.804;1.969296544;-19.81553039;683.6255222;4.357873649
4;2;H;23;1.85;107.5;31.40978817;6;-1.538529468;-1.1295;2.749615648;25.17852946;-0.050233006;35.888;1.947793624;-15.87745422;631.6449179;4.540631665
4;2;H;23;1.85;107.5;31.40978817;7;-1.435324762;-2.0445;2.804971829;25.17852946;0.074695586;35.767;1.925305972;-17.04583902;621.5267347;4.409671279
4;2;H;23;1.85;107.5;31.40978817;8;-1.630451895;0.122;2.680875442;25.17852946;-0.208361369;36.682;2.001268901;-15.47541016;666.9415817;4.275848792
4;2;H;23;1.85;107.5;31.40978817;9;-1.565628122;-1.709;2.63138422;25.17852946;0.016964365;37.9175;2.029095359;-16.19418203;658.2716902;4.318598608
4;2;H;23;1.85;107.5;31.40978817;10;-1.329163842;-0.854;2.733962782;25.17852946;-0.058975574;35.645;2.016711969;-18.18502681;607.3829078;4.468777561
4;2;H;23;1.85;107.5;31.40978817;11;-1.589958171;-0.2745;2.664047602;25.17852946;-0.170335772;32.8065;2.035036993;-14.57158301;553.1308591;4.721470642
4;2;H;23;1.85;107.5;31.40978817;12;-1.130256387;-0.1525;2.788129465;25.17852946;-0.115793167;36.5905;1.967044053;-22.41258838;688.2436263;4.365925482
5;1;H;24;1.73;91.2;30.47211734;1;-4.311113419;-0.244;2.071944592;40.34996706;-0.302387862;61.6765;2.160980055;-9.359523433;1683.755101;4.391258087
5;1;H;24;1.73;91.2;30.47211734;2;-4.650651362;-4.517;2.177534026;40.34996706;-0.010656557;58.8075;2.115993932;-8.090287603;1535.369774;4.565091962
5;1;H;24;1.73;91.2;30.47211734;3;-5.001311719;-4.364;2.13642296;40.34996706;-0.055226612;53.405;2.113006528;-6.922147233;1293.826283;3.813708317
5;1;H;24;1.73;91.2;30.47211734;4;-4.557061701;-2.502;2.162986954;40.34996706;-0.17493521;55.3285;2.104177927;-7.733640508;1349.831366;3.815698227
5;1;H;24;1.73;91.2;30.47211734;5;-5.113940876;-5.31;2.050207591;40.34996706;0.017072081;54.932;2.082032634;-6.736993991;1285.867996;4.22366111
5;1;H;24;1.73;91.2;30.47211734;6;-4.259861565;3.479;1.965236058;40.34996706;-0.620465913;59.814;2.056982987;-8.783850173;1445.378809;4.395220462
5;1;H;24;1.73;91.2;30.47211734;7;-4.581154096;-2.014;2.21678349;40.34996706;-0.20692205;57.0375;2.042951712;-8.124404167;1498.063107;4.199472493
5;1;H;24;1.73;91.2;30.47211734;8;-4.883509235;-4.211;2.24721147;40.34996706;-0.05671327;52.50525;1.986650246;-7.284551232;1334.071828;4.370564132
5;1;H;24;1.73;91.2;30.47211734;9;-4.796636292;-4.028;2.284416682;40.34996706;-0.072273271;47.485;2.008582601;-6.651623246;1091.619586;3.854148223
5;1;H;24;1.73;91.2;30.47211734;10;-5.032756779;-4.944;2.254233549;40.34996706;-0.007957017;51.3005;2.063662076;-6.64915695;1202.32572;3.909647304
5;1;H;24;1.73;91.2;30.47211734;11;-4.930181305;-6.592;2.313271998;40.34996706;0.158091082;47.62325;2.037478913;-6.396385553;1061.154418;3.85514137
5;1;H;24;1.73;91.2;30.47211734;12;-0.432737727;-3.601;4.392722937;35.59392068;0.267033995;46.98175;1.845393179;-82.25287157;961.2212254;3.706181733
5;2;H;24;1.73;91.2;30.47211734;1;-0.676669031;-0.061;1.970991842;29.69038169;-0.062208937;47.5155;2.075209103;-43.87725807;911.0222283;4.115805737
5;2;H;24;1.73;91.2;30.47211734;2;-0.418346215;-1.038;2.143942018;29.69038169;0.062180231;47.18;2.105752507;-71.46315579;931.6273252;3.857214769
5;2;H;24;1.73;91.2;30.47211734;3;-0.522343681;0.305;2.176180817;29.69038169;-0.084634563;45.56275;2.032655069;-56.14396851;901.895258;3.984588435
5;2;H;24;1.73;91.2;30.47211734;4;-0.430820617;-0.305;2.109358052;29.69038169;-0.012828887;47.6375;1.875198791;-68.29479463;912.2155014;4.21680297
5;2;H;24;1.73;91.2;30.47211734;5;-0.905527821;-1.1295;2.205187123;29.69038169;0.024074772;44.616;2.038722682;-30.82132764;811.371724;3.994261104
5;2;H;24;1.73;91.2;30.47211734;6;-0.536002273;-0.0915;2.210952085;29.69038169;-0.045255868;45.6245;1.969484064;-54.97354076;910.0115158;4.485259889
5;2;H;24;1.73;91.2;30.47211734;7;-0.813045008;-1.5565;2.229967122;29.69038169;0.070696625;49.256;2.078636761;-38.8027647;1033.625278;4.225984633
5;2;H;24;1.73;91.2;30.47211734;8;-0.943632107;-3.6925;2.257299886;29.69038169;0.269834252;46.9665;2.066872263;-32.38734427;989.0283823;4.237282791
5;2;H;24;1.73;91.2;30.47211734;9;-0.77650082;-2.808;2.39188307;29.69038169;0.214949147;42.114;2.055977868;-36.51407151;890.9834256;3.872709534
5;2;H;24;1.73;91.2;30.47211734;10;-0.670732772;0.732;2.402130937;29.69038169;-0.146758617;42.908;2.024166759;-42.75068345;885.9153413;3.381652786
5;2;H;24;1.73;91.2;30.47211734;11;-0.96345773;-2.075;2.361312891;29.69038169;0.120669384;42.92325;1.92708035;-28.68253133;807.0718433;3.946490607
5;2;H;24;1.73;91.2;30.47211734;12;-0.754102337;-1.831;2.300392489;29.69038169;0.114477651;42.92325;1.997595492;-37.42352497;840.4842936;3.616671146
6;1;M;22;1.50;54;24;1;-8.361238988;-9.644;2.216765067;25.48738494;0.150987755;39.368;2.047576551;-3.048278488;697.4639844;4.715388449
6;1;M;22;1.50;54;24;2;-8.227073308;-9.583;2.511119877;25.48738494;0.150339964;40.222;1.982010523;-3.288801448;809.0332689;4.537763358
6;1;M;22;1.50;54;24;3;-8.521702403;-9.766;2.18836277;25.48738494;0.141600004;40.222;2.157397416;-3.09354108;771.2432497;4.309071844
6;1;M;22;1.50;54;24;4;-7.567448276;-9.033;2.354535424;25.48738494;0.174034744;39.2155;2.028534653;-3.338389344;681.4736912;4.220161086
6;1;M;22;1.50;54;24;5;-8.649484517;-11.3225;2.278891289;25.48738494;0.31016415;39.978;2.00946498;-2.989103162;746.4744726;4.340641419
6;1;M;22;1.50;54;24;6;-8.456597309;-9.949;2.198948241;25.48738494;0.167368906;41.031;2.094006547;-3.163274278;772.2361266;4.51997534
6;1;M;22;1.50;54;24;7;-8.376526829;-11.292;2.309347733;25.48738494;0.32414878;41.28975;2.024739207;-3.221231436;780.1327799;4.424846632
6;1;M;22;1.50;54;24;8;-8.37890433;-12.024;2.269922745;25.48738494;0.385628224;43.86975;2.094089258;-3.384341207;884.4551855;4.816002976
6;1;M;22;1.50;54;24;9;-8.476248425;-9.827;2.352019348;25.48738494;0.149462148;40.4965;2.01107046;-3.198614049;819.6169777;4.622707807
6;1;M;22;1.50;54;24;10;-8.690330637;-9.827;2.332539674;25.48738494;0.130876709;38.59025;1.963808879;-2.998173376;723.2562832;4.731107023
6;1;M;22;1.50;54;24;11;-8.628347284;-9.033;2.340106196;25.48738494;0.045563782;38.33;2.012714179;-3.087850967;784.1381805;4.421028792
6;1;M;22;1.50;54;24;12;-8.138274374;-9.277;2.245802539;25.48738494;0.120885373;43.824;2.094700369;-3.47243613;865.492431;4.507557357
8;1;M;20;1.60;64.3;25.1171875;1;-0.252385771;-2.258;3.16658469;28.19483306;0.213402316;33.4775;1.936941171;-111.7132435;858.7190106;4.210790943
8;1;M;20;1.6;64.3;25.1171875;2;0.221042742;-2.686;3.219783948;28.19483306;0.306429379;33.997;1.917048001;128.7555659;824.5801087;4.237659808
8;1;M;20;1.6;64.3;25.1171875;3;0.104841943;-1.709;3.307678071;28.19483306;0.190221533;32.69975;1.929721445;272.8512557;864.9639439;4.345658991
8;1;M;20;1.6;64.3;25.1171875;4;-0.146109001;-1.953;3.249734762;28.19483306;0.185864825;35.6135;1.960500361;-199.6084997;856.3291021;4.849795626
8;1;M;20;1.6;64.3;25.1171875;5;0.656435877;-0.793;3.327717273;28.19483306;0.150207363;34.71375;1.958852181;44.09981126;872.6816827;4.254967757
8;1;M;20;1.6;64.3;25.1171875;6;0.15940534;-2.2275;3.328618985;28.19483306;0.236712528;36.1635;1.944204995;189.7720901;944.0616502;4.217007357
8;1;M;20;1.6;64.3;25.1171875;7;0.301504762;-0.793;3.230513413;28.19483306;0.111694753;37.0795;1.959860074;97.50164922;907.3584959;4.594846813
8;1;M;20;1.6;64.3;25.1171875;8;-0.104698413;-2.93;3.207705871;28.19483306;0.274556935;38.4215;1.966874563;-294.8584322;995.7743058;4.293615677
8;1;M;20;1.6;64.3;25.1171875;9;0.006527409;-1.404;3.344873679;28.19483306;0.139441441;36.4075;1.961153444;4649.113201;953.6938881;4.370330595
8;1;M;20;1.6;64.3;25.1171875;10;0.354025285;-0.885;3.479753324;28.19483306;0.121244652;36.072;1.917909523;86.59733952;981.5690345;4.095385687
8;1;M;20;1.6;64.3;25.1171875;11;0.055365145;-3.174;3.411093679;28.19483306;0.310120843;37.8115;1.904196247;564.2492741;994.1115293;4.382898348
8;1;M;20;1.6;64.3;25.1171875;12;0.502383091;-2.258;3.410645059;28.19483306;0.271561799;38.208;1.914805559;60.69975275;1024.13084;3.334034337
8;2;M;20;1.6;64.3;25.1171875;1;-0.352862469;-2.075;4.011793259;28.03347593;0.184294399;32.79125;1.852538147;-79.44589862;826.2823706;4.41723289
8;2;M;20;1.6;64.3;25.1171875;2;-0.029789561;-0.732;3.374646022;28.03347593;0.073334097;35.75075;1.924399421;-964.3140362;843.4587532;3.932402168
8;2;M;20;1.6;64.3;25.1171875;3;-0.479171115;-2.2275;3.577664049;28.03347593;0.189480922;34.668;1.916889934;-57.7681245;786.644864;4.275690985
8;2;M;20;1.6;64.3;25.1171875;4;-0.267440496;-1.648;3.446154931;28.03347593;0.146296717;37.598;1.879038905;-105.8557944;824.932194;4.665206399
8;2;M;20;1.6;64.3;25.1171875;5;-0.411312271;-1.6785;3.863268714;28.03347593;0.134242304;36.865;1.839176384;-68.84955668;813.3147377;4.314749324
8;2;M;20;1.6;64.3;25.1171875;6;-0.518222642;-1.709;3.011663817;28.03347593;0.131093503;39.24525;1.955281473;-52.58407871;756.7158934;4.24944717
8;2;M;20;1.6;64.3;25.1171875;7;-0.157095082;-2.136;3.051861204;28.03347593;0.209521262;41.626;1.97140963;-180.3663394;844.2331394;4.682709763
8;2;M;20;1.6;64.3;25.1171875;8;-0.631597846;-2.5325;3.167559293;28.03347593;0.19779321;42.298;1.846258665;-45.64876157;811.7859157;4.442294687
8;2;M;20;1.6;64.3;25.1171875;9;-0.389774902;-1.282;3.531486684;28.03347593;0.096630952;35.07975;1.875036406;-71.06660402;809.9454572;4.64892122
8;2;M;20;1.6;64.3;25.1171875;10;-0.547866886;-2.869;3.040258131;28.03347593;0.248439965;39.7645;1.97982045;-51.15932328;790.4605587;4.474418808
8;2;M;20;1.6;64.3;25.1171875;11;-0.391214411;-2.563;3.395855517;28.03347593;0.213381973;39.917;1.849571904;-78.04869229;954.8660704;4.501957899
8;2;M;20;1.6;64.3;25.1171875;12;0.276156386;-0.183;3.590164909;27.63180813;0.049850851;32.91325;1.84439887;100.058552;799.1405658;3.495734226
9;1;H;19;1.72;81;27.37966468;1;-0.173114575;-1.831;4.86134169;26.72510368;0.186104284;27.29825;1.736853383;-154.3781259;733.3726923;4.606627457
9;1;H;19;1.72;81;27.37966468;2;0.166187602;-0.2745;4.848322045;26.72510368;0.054555582;26.734;1.691512885;145.8190521;604.1932961;4.543521103
9;1;H;19;1.72;81;27.37966468;3;0.12300738;-0.549;5.040944758;26.72510368;0.085603103;24.52075;1.694228625;191.4584853;578.6408864;4.133358472
9;1;H;19;1.72;81;27.37966468;4;0.474350781;0.6405;4.912656008;26.72510368;-0.019015333;28.015;1.705466416;55.26065307;718.5034768;4.555443413
9;1;H;19;1.72;81;27.37966468;5;-0.0889763;-0.4575;4.576837558;26.72510368;0.045324943;27.588;1.683545262;-274.1416776;594.7591728;4.57753698
9;1;H;19;1.72;81;27.37966468;6;0.209924647;-0.0305;4.703334769;26.72510368;0.029270915;27.771;1.713960443;117.3817296;632.2243814;4.580966584
9;1;H;19;1.72;81;27.37966468;7;0.197738806;0.183;4.574686357;26.72510368;0.001886713;26.855;1.685870543;118.5183772;553.0562558;4.446963673
9;1;H;19;1.72;81;27.37966468;8;0.203963347;0.793;4.790399582;26.72510368;-0.074073046;27.3285;1.674748524;116.9637389;588.8913867;4.582794037
9;1;H;19;1.72;81;27.37966468;9;0.220217293;0.5185;4.368473092;26.72510368;-0.041451639;25.146;1.756891167;98.02936906;499.239451;4.37033888
9;1;H;19;1.72;81;27.37966468;10;0.114401099;0.6405;4.416149557;26.72510368;-0.073723384;24.536;1.669538029;187.1342124;467.0807223;4.53986947
9;1;H;19;1.72;81;27.37966468;11;0.149716667;0.0305;4.557501031;26.72510368;0.017327658;23.1015;1.646636753;137.8631565;447.8070372;4.461544729
9;1;H;19;1.72;81;27.37966468;12;6.320084373;1.953;8.345396873;33.14522827;0.395268152;24.8115;1.527912254;5.24442813;517.7656708;4.504612931
9;2;H;19;1.72;81;27.37966468;1;-0.526404996;-2.747;4.947486352;23.86957216;0.279091094;24.414;1.657674822;-45.34450153;602.5414362;4.354569788
9;2;H;19;1.72;81;27.37966468;2;-0.036717949;-0.61;4.731567927;23.86957216;0.070731894;25.512;1.743259329;-662.2102499;610.3943811;4.642465971
9;2;H;19;1.72;81;27.37966468;3;-0.36723336;-1.221;4.004364968;23.86957216;0.119788965;23.926;1.773798634;-58.22392745;480.8414944;4.716628352
9;2;H;19;1.72;81;27.37966468;4;-0.345489617;-0.6405;4.395318341;23.86957216;0.040616149;23.803;1.722262923;-63.07028726;504.9895106;4.518764686
9;2;H;19;1.72;81;27.37966468;5;-0.276529192;-0.5795;5.061189868;23.86957216;0.039205522;24.047;1.682708513;-83.83663116;559.5432778;4.494418822
9;2;H;19;1.72;81;27.37966468;6;-0.158639689;1.038;4.837089237;23.86957216;-0.159464114;23.39125;1.655483032;-141.9089684;514.7617717;4.566996198
9;2;H;19;1.72;81;27.37966468;7;-0.277395179;0.488;4.803281466;23.86957216;-0.099759934;24.597;1.71398951;-82.97588881;545.1508122;4.804191795
9;2;H;19;1.72;81;27.37966468;8;-0.336652937;0;5.032231836;23.86957216;-0.042710977;23.6505;1.720737739;-70.23955538;590.9623131;4.581380674
9;2;H;19;1.72;81;27.37966468;9;-0.212060369;-0.244;5.158041848;23.86957216;0.004313493;21.729;1.673176299;-104.7520411;512.7939836;4.4672335
9;2;H;19;1.72;81;27.37966468;10;-0.194112343;-0.366;4.649838732;23.86957216;0.022532131;24.6275;1.784234111;-117.8991079;549.1026148;4.6283539
9;2;H;19;1.72;81;27.37966468;11;-0.19476567;-0.061;4.810272714;23.86957216;-0.018745389;23.132;1.688422296;-109.9155316;470.9737306;4.490942467
9;2;H;19;1.72;81;27.37966468;12;2.854825054;0.488;11.33530917;29.36567615;0.241795051;24.64275;1.444398596;10.28633124;526.9989681;4.430644251
10;1;H;20;1.84;63.5;18.75590737;1;-2.982163793;-1.8005;2.587049203;29.83342552;-0.118826159;38.453;2.068647965;-10.0039527;978.0828108;4.194189897
10;1;H;20;1.84;63.5;18.75590737;2;-3.044494137;-3.2655;2.273393096;29.83342552;0.019085602;47.913;2.163331552;-11.41048323;1230.531159;4.252455643
10;1;H;20;1.84;63.5;18.75590737;3;-2.782657854;-2.1055;2.302413233;29.83342552;-0.06287354;44.251;2.125420936;-11.61136968;1101.88463;4.710863979
10;1;H;20;1.84;63.5;18.75590737;4;-2.640803792;-2.869;2.42586762;29.83342552;0.019481158;48.41625;2.103503799;-13.30695755;1339.658073;4.150252194
10;1;H;20;1.84;63.5;18.75590737;5;-3.021020139;-3.235;2.434095837;29.83342552;0.020279987;44.17375;2.046892882;-10.47786673;1022.504892;4.360318347
10;1;H;20;1.84;63.5;18.75590737;6;-2.582314461;-1.77;2.574222324;29.83342552;-0.080153814;38.757;2.045887327;-11.77367706;989.2807632;4.422360705
10;1;H;20;1.84;63.5;18.75590737;7;-2.669197015;-0.7625;2.580573731;29.83342552;-0.175787014;41.4425;2.069656067;-12.19089307;1161.257138;4.149701914
10;1;H;20;1.84;63.5;18.75590737;8;-2.732649137;-2.808;2.573401375;29.83342552;0.006824989;42.55725;2.133368695;-12.12058745;1160.357344;4.46626725
10;1;H;20;1.84;63.5;18.75590737;9;-3.100958561;-3.052;2.689344963;29.83342552;-0.004093629;44.311;2.042386887;-11.57032135;1341.876217;4.310799125
10;1;H;20;1.84;63.5;18.75590737;10;-2.898743396;-3.967;2.678377123;29.83342552;0.08979559;44.20425;2.093662175;-12.31209789;1405.303534;4.150267645
10;1;H;20;1.84;63.5;18.75590737;11;-2.35450267;-1.526;2.357029586;29.83342552;-0.076047677;45.69975;2.16899381;-13.88129644;1132.410566;4.145116888
10;1;H;20;1.84;63.5;18.75590737;12;-3.795531688;-2.686;2.6818248;31.33235764;-0.106235065;39.2765;2.057836135;-8.255064169;1100.664481;3.883578799
10;2;H;20;1.84;63.5;18.75590737;1;-3.95522504;-4.211;2.320736816;36.80038169;0.020851003;51.148;2.182669105;-9.304244721;1495.394893;4.929158811
10;2;H;20;1.84;63.5;18.75590737;2;-3.88325264;-4.7;2.519342921;36.80038169;0.061183534;55.25225;2.047140774;-10.31285205;1809.953285;4.298382018
10;2;H;20;1.84;63.5;18.75590737;3;-4.25808985;-4.578;2.435046755;36.80038169;0.024776052;51.513;2.121329907;-9.097087184;1603.78368;4.277967355
10;2;H;20;1.84;63.5;18.75590737;4;-4.036757529;-4.272;2.55836631;36.80038169;0.019818034;46.32575;2.085465991;-8.821526914;1405.91854;4.457420544
10;2;H;20;1.84;63.5;18.75590737;5;-4.277700318;-3.9365;2.288623388;36.80038169;-0.026551591;53.528;2.149976655;-9.012178236;1575.803521;4.343805422
10;2;H;20;1.84;63.5;18.75590737;6;-4.289667951;-3.662;2.567209893;36.80038169;-0.053090482;45.166;2.070763343;-8.268197892;1357.259577;4.199038189
10;2;H;20;1.84;63.5;18.75590737;7;-4.463651399;-3.906;2.401126237;36.80038169;-0.048424758;48.32375;2.090579137;-7.73973918;1267.172441;4.432047568
10;2;H;20;1.84;63.5;18.75590737;8;-4.272348609;-3.9365;2.481076397;36.80038169;-0.026162146;51.88;2.102305048;-9.014149499;1644.727967;4.179502371
10;2;H;20;1.84;63.5;18.75590737;9;-4.151487692;-3.3875;2.464874527;36.80038169;-0.06358306;47.974;2.053511074;-8.682852769;1395.150094;4.35563988
10;2;H;20;1.84;63.5;18.75590737;10;-4.168813223;-2.8995;2.458600578;36.80038169;-0.097271374;50.964;2.110049345;-9.390583331;1671.785693;4.297943517
10;2;H;20;1.84;63.5;18.75590737;11;-4.1538185;-4.822;2.371916268;36.80038169;0.06120005;46.3565;2.131519557;-7.885267031;1150.076872;4.380914906
10;2;H;20;1.84;63.5;18.75590737;12;-6.313417847;-6.073;2.662882025;36.54676658;-0.019735085;48.2785;2.015039135;-5.788745093;1302.005439;4.523340168
11;1;H;21;1.79;76;23.71960925;1;0.800117355;-0.244;2.979081883;26.83736696;0.116716072;36.56;1.918806713;33.54178831;760.8143285;3.12004664
11;1;H;21;1.79;76;23.71960925;2;1.031034539;-0.305;2.898979663;26.83736696;0.151006947;37.415;1.934455275;25.7435716;764.572816;4.427908975
11;1;H;21;1.79;76;23.71960925;3;1.078595588;1.77;2.663905327;26.83736696;-0.076546184;39.7945;1.971842027;25.12298354;787.153403;4.413832496
11;1;H;21;1.79;76;23.71960925;4;1.266743151;0.2135;2.879075152;26.83736696;0.117513222;37.598;1.946781029;21.22631466;755.3844285;4.492923268
11;1;H;21;1.79;76;23.71960925;5;1.045372757;0.3355;3.10243737;26.83736696;0.08379854;33.631;1.912949974;24.31051356;671.5074102;4.735650052
11;1;H;21;1.79;76;23.71960925;6;1.018792611;0.427;3.11839564;26.83736696;0.069824234;35.0035;1.852727839;24.95737054;682.3442992;4.683623542
11;1;H;21;1.79;76;23.71960925;7;1.19243125;1.8005;3.224489652;26.83736696;-0.076746465;29.907;1.863146091;19.93343812;627.9301731;4.142444357
11;1;H;21;1.79;76;23.71960925;8;1.142942417;1.221;3.114423345;26.83736696;-0.009224291;33.997;1.904187138;22.21155684;698.5566301;4.39873411
11;1;H;21;1.79;76;23.71960925;9;1.066552326;1.221;3.075053606;26.83736696;-0.01851164;33.5085;1.920595408;23.46797191;680.5119714;4.361990284
11;1;H;21;1.79;76;23.71960925;10;1.216886383;0.549;2.847282712;26.83736696;0.079227622;35.90425;1.951222421;20.7824714;669.8688317;4.627939294
11;1;H;21;1.79;76;23.71960925;11;1.01409202;1.221;3.301430291;26.83736696;-0.025786678;30.3045;1.900799984;23.73699508;629.2589778;4.515194589
11;1;H;21;1.79;76;23.71960925;12;1.588955263;2.0445;2.598659071;26.83736696;-0.052100458;37.353;2.051880753;16.50817537;707.3472554;4.506730113
11;2;H;21;1.79;76;23.71960925;1;-0.448303922;0.244;3.090283122;21.69350902;-0.095738857;31.311;1.867298054;-48.39018348;498.39501;4.562030693
11;2;H;21;1.79;76;23.71960925;2;-0.48813345;-1.038;3.104087882;21.69350902;0.075469044;30.80775;1.8678144;-44.77866439;466.4334226;4.495736345
11;2;H;21;1.79;76;23.71960925;3;-0.218494801;-0.885;2.894592876;21.69350902;0.092186127;29.724;1.960546361;-99.27002198;479.7305701;4.420208784
11;2;H;21;1.79;76;23.71960925;4;-0.590222594;-0.122;3.068121042;21.69350902;-0.067093449;28.80875;1.905071147;-35.4713463;476.6681017;4.442651256
11;2;H;21;1.79;76;23.71960925;5;-0.594377104;-1.648;3.261733633;21.69350902;0.147589765;27.344;1.917367203;-36.03198108;489.0548888;4.550443833
11;2;H;21;1.79;76;23.71960925;6;-0.536424242;-0.5795;3.362898391;21.69350902;0.005998733;27.1;1.911717312;-40.15930764;482.4451474;4.186067047
11;2;H;21;1.79;76;23.71960925;7;-0.852394528;-1.587;2.95319676;21.69350902;0.098943484;29.8615;1.944921836;-26.1304906;512.1513673;4.484696033
11;2;H;21;1.79;76;23.71960925;8;-0.575771626;-0.916;3.644455813;21.69350902;0.047030029;27.466;1.783077632;-37.69348406;510.9314187;4.37500202
11;2;H;21;1.79;76;23.71960925;9;-0.467562556;0.244;2.986444733;21.69350902;-0.098938644;30.13675;1.98314774;-46.14542631;485.652335;4.617737939
11;2;H;21;1.79;76;23.71960925;10;-0.544472709;-0.61;3.000949525;21.69350902;0.00891624;30.457;1.942224415;-40.49352857;496.500981;4.767211729
11;2;H;21;1.79;76;23.71960925;11;-0.509859786;-0.488;3.20071285;21.69350902;-0.002815667;28.85375;1.930372963;-45.68095371;576.7897235;4.312211056
11;2;H;21;1.79;76;23.71960925;12;-0.393234835;-0.916;3.111363558;21.69350902;0.070429184;29.663;1.933012625;-56.62696131;514.1332123;4.433248904
12;1;M;21;1.67;65.4;23.45010578;1;5.082928442;5.737;36.81729083;12.44501619;-0.157670721;2.319;0.401668943;2.448394923;25.93664439;1.274094568
12;1;M;21;1.67;65.4;23.45010578;2;5.626053571;3.967;2.512142525;12.44501619;0.100419203;74.463;2.050870003;8.809698191;2451.808565;4.543294782
12;1;M;21;1.67;65.4;23.45010578;3;5.446055249;4.883;3.581389393;12.44501619;0.038158716;53.711;1.853782913;8.128239051;2398.388888;4.051148478
12;1;M;21;1.67;65.4;23.45010578;4;5.390787605;5.92;4.257934528;12.44501619;-0.040526243;36.66775;1.737186113;7.267126056;1741.224442;2.61337474
12;1;M;21;1.67;65.4;23.45010578;5;5.511958374;5.981;2.857483662;12.44501619;-0.030173693;67.2295;2.016946113;8.460543045;2463.857596;4.955827058
12;1;M;21;1.67;65.4;23.45010578;6;5.328176753;5.981;2.84501352;12.44501619;-0.042729768;63.7515;1.960685338;8.602163816;2367.844075;4.798541579
12;1;M;21;1.67;65.4;23.45010578;7;5.311522344;6.226;2.726356901;12.44501619;-0.063591527;63.88875;2.030605997;8.122245;2003.700777;4.442651256
12;1;M;21;1.67;65.4;23.45010578;8;5.198906282;7.263;2.707244793;12.44501619;-0.14032852;61.4315;1.995584936;8.487753;2044.805331;4.780650211
12;1;M;21;1.67;65.4;23.45010578;9;5.373745748;7.3545;3.406848054;12.44501619;-0.15263197;46.8755;1.842430059;7.244847176;1630.687539;4.443462287
12;1;M;21;1.67;65.4;23.45010578;10;5.367325736;5.737;2.761696564;12.44501619;-0.028398622;50.06325;2.032006618;7.27587539;1648.758993;4.514899916
12;1;M;21;1.67;65.4;23.45010578;11;5.269951881;8.789;3.270536181;12.44501619;-0.267708647;47.0275;2.009393591;7.483028698;1719.579213;4.598001697
12;1;M;21;1.67;65.4;23.45010578;12;5.006246982;6.775;2.999001566;12.44501619;-0.138537375;47.74425;1.98260076;7.650841785;1541.540962;4.599363888
12;2;M;21;1.67;65.4;23.45010578;1;-0.732;-0.5795;2.370159186;35.1462361;-0.013017041;53.588;2.100866063;-48.01398375;1321.909554;4.653506733
12;2;M;21;1.67;65.4;23.45010578;2;-1.056238698;-0.9465;2.38482324;35.1462361;-0.00908898;54.87;2.063545058;-34.29287;1448.374272;4.276169964
12;2;M;21;1.67;65.4;23.45010578;3;-1.208009532;0.793;2.655268393;35.1462361;-0.177363234;48.279;1.93887598;-28.0179562;1260.307558;4.589210166
12;2;M;21;1.67;65.4;23.45010578;4;-1.145737531;-1.282;2.50864695;35.1462361;0.012322062;49.17875;2.058205489;-28.95536063;1237.260688;3.944325795
12;2;M;21;1.67;65.4;23.45010578;5;-0.963918423;2.075;2.58954545;35.1462361;-0.260482478;52.3985;2.013443462;-36.3096031;1327.034933;4.804021045
12;2;M;21;1.67;65.4;23.45010578;6;-0.63867395;0.977;2.518586527;35.1462361;-0.135902256;50.11;2.022481024;-55.84304711;1401.744028;4.284630948
12;2;M;21;1.67;65.4;23.45010578;7;-0.959298667;0.122;2.623731093;35.1462361;-0.09294248;49.072;2.073056536;-36.38302667;1284.510861;4.329855762
12;2;M;21;1.67;65.4;23.45010578;8;-1.198899292;-0.61;3.064696865;35.1462361;-0.050029154;41.15325;1.94391176;-29.45482368;1391.34689;4.198321142
12;2;M;21;1.67;65.4;23.45010578;9;-1.20044186;-0.61;2.990499258;35.1462361;-0.052845956;41.596;1.930893476;-27.92193476;1342.315908;3.598137139
12;2;M;21;1.67;65.4;23.45010578;10;-1.898019802;-2.869;2.69977856;35.1462361;0.072787824;53.772;2.101277094;-21.08492933;1684.314417;4.772638386
12;2;M;21;1.67;65.4;23.45010578;11;-1.02513928;-0.671;2.985424188;35.1462361;-0.029458225;42.664;1.976103758;-35.18081626;1453.930831;4.000366828
12;2;M;21;1.67;65.4;23.45010578;12;-1.840508901;-3.601;2.214438081;35.1462361;0.133828194;60.99025;2.088403002;-21.44221025;1610.508375;4.551065927
13;1;H;28;1.78;63.5;20.04166141;1;-0.841012428;-3.8755;1.923652666;23.72680705;0.383678373;40.039;2.159914531;-28.21219551;559.2774207;4.459421609
13;1;H;28;1.78;63.5;20.04166141;2;-0.33331262;-3.8755;1.926070068;23.72680705;0.425918516;42.847;2.083319056;-74.85391316;645.9809105;4.363644427
13;1;H;28;1.78;63.5;20.04166141;3;-0.561353982;-3.723;2.007872453;23.72680705;0.377255803;42.145;2.103537493;-44.78800948;624.8712641;4.268920147
13;1;H;28;1.78;63.5;20.04166141;4;-0.554700951;-0.549;2.393765175;23.72680705;-0.000776761;33.326;2.045125138;-39.69375597;491.1732919;2.989243606
13;1;H;28;1.78;63.5;20.04166141;5;-0.237462771;-0.427;2.121109449;23.72680705;0.024388772;39.10875;2.076256357;-98.18164778;572.3794612;4.248495242
13;1;H;28;1.78;63.5;20.04166141;6;-0.03948891;-1.404;2.193593958;23.72680705;0.176179127;37.27675;1.997601933;-588.3946578;533.0685393;4.237533121
13;1;H;28;1.78;63.5;20.04166141;7;-0.364677182;-1.892;2.219087303;23.72680705;0.195803121;38.25375;1.969109955;-64.16879664;549.4894014;4.328462161
13;1;H;28;1.78;63.5;20.04166141;8;-0.383849341;-1.648;2.121289801;23.72680705;0.166102424;36.987;2.032681762;-59.48169304;540.6435781;4.623571271
13;1;H;28;1.78;63.5;20.04166141;9;-0.241637823;-1.099;2.285054529;23.72680705;0.122043084;32.42425;2.027492551;-87.21827348;446.4252012;4.607453292
13;1;H;28;1.78;63.5;20.04166141;10;-0.932101156;-3.0215;2.033914739;23.72680705;0.275304448;37.658;2.080623127;-24.42678615;522.5001934;4.528649048
13;1;H;28;1.78;63.5;20.04166141;11;-0.34692431;-1.77;2.230077973;23.72680705;0.200075509;32.74525;2.05541703;-61.50644005;446.8406702;4.140485718
13;1;H;28;1.78;63.5;20.04166141;12;-0.217984985;-0.61;2.242477091;23.72680705;0.053958409;34.62225;2.055496488;-99.98578086;482.4845592;4.916517386
13;2;H;28;1.78;63.5;20.04166141;1;6.591677062;4.1805;2.222898799;21.24759478;0.340440001;35.583;1.93541148;3.223397411;477.2731799;4.505528056
13;2;H;28;1.78;63.5;20.04166141;2;6.703085832;4.456;2.00415489;21.24759478;0.29647965;38.74275;2.023734816;3.392120302;559.5852791;4.534191217
13;2;H;28;1.78;63.5;20.04166141;3;6.065664888;4.639;2.006298791;21.24759478;0.191569149;38.94;2.135288018;3.683318249;540.4013868;4.668571697
13;2;H;28;1.78;63.5;20.04166141;4;6.173074004;3.967;2.049752476;21.24759478;0.296120325;36.866;2.030230029;3.620525665;540.7470142;4.349781535
13;2;H;28;1.78;63.5;20.04166141;5;6.079777898;4.089;2.038840756;21.24759478;0.270961822;36.942;2.032742857;3.625335865;519.7394884;4.384179488
13;2;H;28;1.78;63.5;20.04166141;6;5.858753961;3.662;2.055600005;21.24759478;0.28650187;38.391;2.146857023;3.926177701;550.1919498;4.301755242
13;2;H;28;1.78;63.5;20.04166141;7;6.430259259;6.287;2.11941584;21.24759478;0.019777236;36.45325;2.086634115;3.379480053;514.3983057;4.380775853
13;2;H;28;1.78;63.5;20.04166141;8;6.156821246;3.845;2.089106819;21.24759478;0.304989443;36.69725;2.032944921;3.693466408;554.0405371;4.377176181
13;2;H;28;1.78;63.5;20.04166141;9;6.189972803;4.822;2.261034358;21.24759478;0.177972566;36.8965;2.009891988;3.725262788;570.6844202;4.516557528
13;2;H;28;1.78;63.5;20.04166141;10;6.238941917;5.188;2.122867009;21.24759478;0.141158659;36.4535;2.079251408;3.579987444;542.4387928;4.234478045
13;2;H;28;1.78;63.5;20.04166141;11;6.525736599;5.4015;1.94187795;21.24759478;0.156045993;36.56;2.131519643;3.312049453;493.6513113;4.652689702
13;2;H;28;1.78;63.5;20.04166141;12;6.125330312;3.784;1.847368016;21.24759478;0.302722075;41.1685;2.195423272;3.788003206;566.3083444;4.521038671
14;2;H;25;1.72;74;25.01352082;1;-1.721734255;-0.3965;2.53950433;29.89225258;-0.13300111;37.72;2.127300939;-17.36171102;937.1895665;3.82455698
14;2;H;25;1.72;74;25.01352082;2;-1.316584746;-0.793;2.62163792;29.89225258;-0.052953041;36.743;2.142258775;-22.53037974;931.865168;3.705973887
14;2;H;25;1.72;74;25.01352082;3;-1.573371079;-0.061;2.646938249;29.89225258;-0.151281687;37.12425;2.104775795;-19.06172048;927.3784343;3.857496419
14;2;H;25;1.72;74;25.01352082;4;-1.468930685;-0.793;2.565591712;29.89225258;-0.063005118;40.466;2.176188157;-21.91019727;1110.550429;4.173771696
14;2;H;25;1.72;74;25.01352082;5;-1.026513975;-0.5795;2.613023289;29.89225258;-0.043434873;39.2145;2.134802015;-30.07730568;1011.548239;3.878509916
14;2;H;25;1.72;74;25.01352082;6;-1.170805252;-0.305;2.556680374;29.89225258;-0.08743801;37.55225;2.165847703;-25.37210769;966.6444916;4.022760344
14;2;H;25;1.72;74;25.01352082;7;-0.95520015;-0.427;2.662384658;29.89225258;-0.050552164;37.781;2.135210049;-32.81599976;1027.669512;3.729519614
14;2;H;25;1.72;74;25.01352082;8;-1.374245965;-1.099;2.619688262;29.89225258;-0.026903336;37.3845;2.128420189;-22.33426241;977.8752529;3.766856239
14;2;H;25;1.72;74;25.01352082;9;-0.947786169;-0.9465;2.543562194;29.89225258;-0.000118384;40.222;2.135435219;-34.38882225;1125.963407;4.030757969
14;2;H;25;1.72;74;25.01352082;10;-1.482839144;-1.5565;2.63247316;29.89225258;0.007087159;38.391;2.139507973;-21.02770162;1008.642876;3.80846267
14;2;H;25;1.72;74;25.01352082;11;-1.26330938;-0.488;2.630082657;29.89225258;-0.073768318;39.917;2.135640903;-24.95839701;1058.110297;3.929405301
14;2;H;25;1.72;74;25.01352082;12;0.492322932;-1.221;2.960035408;33.16810823;0.154967198;37.537;2.014848954;67.37063438;1008.27288;4.104040989
15;1;H;22;1.76;73.1;23.59891529;1;1.125045918;0.671;1.489984473;41.82873796;0.032564639;79.3765;2.150249935;37.17958287;1796.992695;4.326720724
15;1;H;22;1.76;73.1;23.59891529;2;1.750194882;0.4575;1.70359104;41.82873796;0.099756383;70.557;2.130290948;22.21212872;1570.395503;4.343805422
15;1;H;22;1.76;73.1;23.59891529;3;1.714491675;-2.075;1.561319796;41.82873796;0.285397298;73.80625;2.091684019;23.23362492;1652.032139;4.288936212
15;1;H;22;1.76;73.1;23.59891529;4;1.138621567;-2.502;1.601495513;41.82873796;0.263848728;77.7885;2.152512194;36.35485214;1801.006926;4.146069862
15;1;H;22;1.76;73.1;23.59891529;5;1.063982792;0.1525;1.684804201;41.82873796;0.071434935;70.313;2.131554028;35.97696067;1518.692713;4.684186726
15;1;H;22;1.76;73.1;23.59891529;6;1.229423433;-2.625;1.654998285;41.82873796;0.305993137;67.94725;2.100493917;30.73742668;1477.025253;4.373467381
15;1;H;22;1.76;73.1;23.59891529;7;0.948621022;-0.916;1.64565595;41.82873796;0.143893001;72.28125;2.21314683;40.98070418;1564.638489;4.041954175
15;1;H;22;1.76;73.1;23.59891529;8;0.699301619;-4.3945;1.650879696;41.82873796;0.387867398;72.998;2.128537617;56.3398221;1630.003243;4.564348191
15;1;H;22;1.76;73.1;23.59891529;9;0.781404834;-0.732;1.707627018;41.82873796;0.107574856;76.5685;2.088757676;54.01190635;1872.618668;4.265126361
15;1;H;22;1.76;73.1;23.59891529;10;0.82808589;-2.136;1.714206221;41.82873796;0.240225392;66.895;2.120452623;44.701052;1427.246426;4.530333203
15;1;H;22;1.76;73.1;23.59891529;11;1.239513619;0.488;1.578457383;41.82873796;0.053130791;80.322;2.174112505;34.23422718;1873.84582;4.300816579
15;1;H;22;1.76;73.1;23.59891529;12;1.210022976;0.2745;1.679692477;41.82873796;0.067654571;74.463;2.133296123;34.28348425;1832.667064;4.387891754
15;2;H;22;1.76;73.1;23.59891529;1;0.310802775;5.615;1.593970475;38.04069599;-0.418304431;70.236;2.093860266;122.3949689;1504.177367;4.284116925
15;2;H;22;1.76;73.1;23.59891529;2;0.480590862;1.648;1.622872797;38.04069599;-0.090175365;70.60275;2.096494228;80.81294356;1540.422762;4.124827579
15;2;H;22;1.76;73.1;23.59891529;3;0.176089251;1.77;1.781301964;38.04069599;-0.124052308;69.58;1.913662234;218.9009062;1588.656604;4.165862977
15;2;H;22;1.76;73.1;23.59891529;4;-0.34306544;-3.845;1.649318427;38.04069599;0.250665504;75.073;2.132819489;-122.1680774;1895.328684;4.299138975
15;2;H;22;1.76;73.1;23.59891529;5;-0.019929057;-1.648;1.616803283;38.04069599;0.11507348;77.82;2.134529307;-2129.769374;1895.413283;4.358310108
15;2;H;22;1.76;73.1;23.59891529;6;-0.061468203;-2.441;1.597328415;38.04069599;0.175027362;77.088;2.148313352;-663.5234928;1742.474117;4.28192049
15;2;H;22;1.76;73.1;23.59891529;7;0.527743287;5.676;1.607886093;38.04069599;-0.372409957;75.927;2.120182469;78.58460008;1772.412276;4.274680021
15;2;H;22;1.76;73.1;23.59891529;8;-0.11778719;-2.0445;1.634283201;38.04069599;0.125101808;84.595;2.094035999;-392.2623183;2150.722416;4.544623686
15;2;H;22;1.76;73.1;23.59891529;9;0.220975223;1.343;1.651038105;38.04069599;-0.076518599;79.91025;2.183182585;199.0733446;2016.358394;4.859812404
15;2;H;22;1.76;73.1;23.59891529;10;-0.435744376;-1.8005;1.638716373;38.04069599;0.092818835;79.163;2.149239468;-101.2297688;2075.321118;4.471003671
15;2;H;22;1.76;73.1;23.59891529;11;0.376656673;1.831;1.707698186;38.04069599;-0.103439789;76.965;2.024154963;111.9837238;1851.088828;4.528061766
15;2;H;22;1.76;73.1;23.59891529;12;-0.053337476;0.6405;1.788138756;38.04069599;-0.053409406;68.664;2.142729953;-730.6826608;1614.535646;4.540491304
16;1;H;22;1.75;90;29.3877551;1;1.54579913;1.038;10.94040467;14.95386636;0.101873145;3.296;0.869609212;9.673874224;13.96670451;1.657399263
16;1;H;22;1.75;90;29.3877551;2;-0.300733333;5.676;1.856695622;14.95386636;-0.41598984;77.331;2.084435062;-143.3246344;1870.295988;4.639571613
16;1;H;22;1.75;90;29.3877551;3;0.792262169;4.883;2.008543909;14.95386636;-0.331513321;64.5445;2.089377418;46.72539687;1463.236925;4.485719093
16;1;H;22;1.75;90;29.3877551;4;1.266145423;4.639;1.951376005;14.95386636;-0.257568827;68.98525;2.067643504;31.02715691;1584.427611;4.556619124
16;1;H;22;1.75;90;29.3877551;5;1.853008382;4.211;1.98814436;14.95386636;-0.187776813;66.84925;2.102915064;20.33031764;1475.838363;4.495685953
16;1;H;22;1.75;90;29.3877551;6;0.994395885;3.174;2.082285306;14.95386636;-0.1761675;63.9345;2.071065522;37.32619884;1470.976937;4.486136368
16;1;H;22;1.75;90;29.3877551;7;1.589203151;3.2655;1.891719612;14.95386636;-0.131011715;69.702;2.023028714;24.15364256;1533.215027;4.114465965
16;1;H;22;1.75;90;29.3877551;8;0.915675497;2.014;2.11255042;14.95386636;-0.090589444;63.6905;2.069233523;39.72214953;1400.287319;4.404684659
16;1;H;22;1.75;90;29.3877551;9;0.948663503;0.977;2.009237398;14.95386636;-0.00233579;65.3375;2.029077993;38.36377898;1416.631257;4.236660784
16;1;H;22;1.75;90;29.3877551;10;0.597712531;1.709;2.000109329;14.95386636;-0.089154495;64.16325;2.111384426;62.5622078;1456.694328;4.628105157
16;1;H;22;1.75;90;29.3877551;11;1.421702586;3.662;1.914189169;14.95386636;-0.177392578;68.3295;2.102703519;26.64911149;1504.731848;4.428433007
16;1;H;22;1.75;90;29.3877551;12;0.788599006;0.244;1.969620577;14.95386636;0.043482092;66.4525;2.061327899;47.64654857;1482.337695;4.290459441
16;2;H;22;1.75;90;29.3877551;1;0.662295652;0.916;30.77008593;6.88312196;-0.110576719;2.136;0.457129423;10.39282371;9.262495453;1.431977572
16;2;H;22;1.75;90;29.3877551;2;0.844880633;1.709;2.159515948;6.88312196;-0.060698785;77.514;1.99878666;50.54982328;1837.687198;4.128030041
16;2;H;22;1.75;90;29.3877551;3;1.894713193;0.305;2.005225637;6.88312196;0.112754196;75.989;2.086511911;22.32357992;1833.434524;4.886582645
16;2;H;22;1.75;90;29.3877551;4;1.25380283;1.6175;2.165524999;6.88312196;-0.024601172;76.9955;2.045440595;35.37334577;2090.244489;4.80086348
16;2;H;22;1.75;90;29.3877551;5;0.490581331;-1.404;2.191875585;6.88312196;0.13748034;70.374;1.965433033;84.27192077;1789.540142;4.451019506
16;2;H;22;1.75;90;29.3877551;6;1.492187091;0;1.997661767;6.88312196;0.101854731;76.06525;2.124890645;29.45371284;1861.083479;4.669083512
16;2;H;22;1.75;90;29.3877551;7;1.313469447;-1.16;2.069783287;6.88312196;0.168714337;78.04875;2.073878884;33.48542686;1987.083295;4.132282402
16;2;H;22;1.75;90;29.3877551;8;0.809650047;-0.549;2.103982751;6.88312196;0.093829333;75.57625;2.084537656;53.65286126;1998.791367;4.990432587
16;2;H;22;1.75;90;29.3877551;9;0.913930664;0.7015;2.027670214;6.88312196;0.014445096;76.477;2.073727272;48.27305304;2006.149641;4.273504561
16;2;H;22;1.75;90;29.3877551;10;0.728216446;0.6405;2.076322925;6.88312196;0.005912416;78.247;2.060364439;61.11908484;2063.437007;4.490507278
16;2;H;22;1.75;90;29.3877551;11;0.855424045;-1.77;2.052469909;6.88312196;0.183367545;75.97375;2.031841004;50.21307162;1908.502852;4.581359537
16;2;H;22;1.75;90;29.3877551;12;0.641740056;-1.709;2.195978689;6.88312196;0.16844535;73.852;2.020144672;65.23905918;1827.852732;4.783037392
17;1;H;26;1.7;62;21.4532872;1;0.175537808;3.235;2.003633733;32.80981193;-0.279745175;53.223;2.185302057;186.9102293;1151.267002;4.550632769
17;1;H;26;1.7;62;21.4532872;2;-0.205569828;3.906;1.862337038;32.80981193;-0.321015337;68.421;2.176513727;-186.9148348;1486.642205;4.550208845
17;1;H;26;1.7;62;21.4532872;3;0.090601014;6.714;1.833258917;32.80981193;-0.471575539;74.49325;2.227386407;465.0694822;1820.561553;4.158883083
17;1;H;26;1.7;62;21.4532872;4;0.114414186;5.8285;1.790432907;32.80981193;-0.40102455;77.21;2.22729357;373.6088711;1855.70996;4.789053023
17;1;H;26;1.7;62;21.4532872;5;0.811944144;4.639;1.909868859;32.80981193;-0.279546711;68.726;2.242757169;50.58310842;1731.753811;4.197480383
17;1;H;26;1.7;62;21.4532872;6;0.797744327;5.9505;1.929691064;32.80981193;-0.373653853;70.069;2.229530482;51.85941522;1791.886579;4.33305263
17;1;H;26;1.7;62;21.4532872;7;-0.436977444;4.578;1.884112614;32.80981193;-0.374034582;67.18475;2.195293494;-92.04908193;1638.521911;4.674229722
17;1;H;26;1.7;62;21.4532872;8;-0.677704814;3.662;1.943805755;32.80981193;-0.337379392;64.4835;2.199829225;-56.94063718;1462.426265;4.713760773
17;1;H;26;1.7;62;21.4532872;9;0.455309797;3.601;2.059153846;32.80981193;-0.26233298;55.908;2.202063893;79.00913665;1323.067633;4.608023255
17;1;H;26;1.7;62;21.4532872;10;-0.190897502;6.104;1.833497977;32.80981193;-0.438696234;76.2635;2.209005612;-225.4995947;1868.152695;4.471390315
17;1;H;26;1.7;62;21.4532872;11;-0.162665808;5.31;1.853227221;32.80981193;-0.40056535;71.6555;2.172891002;-251.9709835;1671.312336;4.401829262
17;1;H;26;1.7;62;21.4532872;12;-0.126314384;4.15;1.911279194;32.80981193;-0.312245804;70.69425;2.171960493;-325.2680905;1691.24594;4.424846632
17;2;H;26;1.7;62;21.4532872;1;1.842209524;6.409;1.823988093;40.09255983;-0.34171855;74.1885;2.188538554;21.7633007;1710.771469;4.775850168
17;2;H;26;1.7;62;21.4532872;2;1.305563239;8.545;1.691639336;40.09255983;-0.498030289;83.41975;2.128489366;33.4019917;1947.655755;4.603589991
17;2;H;26;1.7;62;21.4532872;3;1.183167785;5.798;1.842446918;40.09255983;-0.343048869;72.784;2.189315095;34.10945988;1706.862664;4.605170186
17;2;H;26;1.7;62;21.4532872;4;0.908065801;5.92;1.72889561;40.09255983;-0.368535387;74.69175;2.15822909;44.92934633;1758.609591;4.521335576
17;2;H;26;1.7;62;21.4532872;5;1.029777582;6.653;1.889340773;40.09255983;-0.404008483;72.204;2.162884216;40.54829522;1814.019782;4.551769409
17;2;H;26;1.7;62;21.4532872;6;0.849884648;5.859;1.964060098;40.09255983;-0.375160508;65.96375;2.213108508;47.13084081;1646.675073;4.55158594
17;2;H;26;1.7;62;21.4532872;7;1.508104996;6.409;1.93077089;40.09255983;-0.379040263;66.4975;2.192747427;25.72051914;1524.454452;4.757665361
17;2;H;26;1.7;62;21.4532872;8;1.062427288;5.371;2.008017875;40.09255983;-0.329922409;62.5;2.225964707;36.87598672;1615.936419;4.727387819
17;2;H;26;1.7;62;21.4532872;9;1.236955907;5.737;2.019883798;40.09255983;-0.344156789;63.965;2.216406614;31.71227974;1560.178671;4.404910929
17;2;H;26;1.7;62;21.4532872;10;1.223160873;6.836;2.071201542;40.09255983;-0.441717966;61.05025;2.152009797;31.16557941;1538.216378;4.715091713
17;2;H;26;1.7;62;21.4532872;11;1.584748311;8.1485;1.85687735;40.09255983;-0.503655395;69.1215;2.189139967;24.67059419;1525.420017;4.636052031
17;2;H;26;1.7;62;21.4532872;12;1.04292428;6.958;2.036932386;40.09255983;-0.4482743;63.6445;2.144998079;37.95639382;1589.497463;4.388257184
20;1;M;25;1.61;53.2;20.52389954;1;-0.44832926;-1.343;2.689901541;21.89583946;0.122580923;29.2665;1.986246498;-48.8387473;531.4813154;4.276955429
20;1;M;25;1.61;53.2;20.52389954;2;-0.305475672;-2.1055;2.416910887;21.89583946;0.253627831;30.212;1.979458647;-69.69892719;483.7651507;4.280708862
20;1;M;25;1.61;53.2;20.52389954;3;-0.421077938;-3.113;2.582596758;21.89583946;0.381473763;29.312;2.001602968;-50.27552045;465.1524247;4.193197463
20;1;M;25;1.61;53.2;20.52389954;4;-0.451868539;-2.502;2.430718891;21.89583946;0.296478118;30.396;2.005444273;-45.9090404;460.9529248;4.094622301
20;1;M;25;1.61;53.2;20.52389954;5;-0.53249411;-1.9835;2.430403539;21.89583946;0.194420195;32.3795;1.977150787;-42.04692575;543.8869583;4.321868748
20;1;M;25;1.61;53.2;20.52389954;6;-0.50222146;-1.709;2.39660576;21.89583946;0.165405333;31.44825;2.083674466;-43.58168923;513.5068157;4.145498958
20;1;M;25;1.61;53.2;20.52389954;7;-0.358082147;-1.16;2.34172048;21.89583946;0.111257761;31.556;2.005711937;-60.38626245;486.9195971;4.413101278
20;1;M;25;1.61;53.2;20.52389954;8;-0.197599212;-1.099;2.436291225;21.89583946;0.125092784;31.006;1.950756928;-109.401109;489.6028252;4.193592685
20;1;M;25;1.61;53.2;20.52389954;9;-0.502961235;-1.343;2.395787803;21.89583946;0.12358568;29.846;2.060456817;-40.54319001;444.3147801;4.365673408
20;1;M;25;1.61;53.2;20.52389954;10;2.671021277;-0.183;7.815081548;23.1249951;0.370251487;27.649;1.566585856;8.657735265;337.8373861;4.211965379
20;2;M;25;1.61;53.2;20.52389954;1;-1.475509021;-2.4105;2.419102785;22.5423032;0.124431515;32.7455;2.027504981;-15.27764513;556.7566896;3.523519826
20;2;M;25;1.61;53.2;20.52389954;2;-1.645607646;-2.319;2.320063277;22.5423032;0.090848326;33.02;2.084357134;-13.51282679;530.3175083;4.051102703
20;2;M;25;1.61;53.2;20.52389954;3;-1.429339831;-3.296;2.173066822;22.5423032;0.263708757;33.09625;2.117878905;-14.85684072;481.3290143;4.321375678
20;2;M;25;1.61;53.2;20.52389954;4;-1.369617357;-2.197;2.267497886;22.5423032;0.115491567;32.715;2.101994864;-15.69199412;489.3218496;4.119888535
20;2;M;25;1.61;53.2;20.52389954;5;-1.287658831;-2.991;2.339864757;22.5423032;0.258705448;28.32;2.070347878;-15.33968753;421.0494438;4.22140344
20;2;M;25;1.61;53.2;20.52389954;6;-1.176243243;-2.686;2.332532966;22.5423032;0.219903433;31.6475;2.045210499;-17.51052173;429.9709891;4.426681275
20;2;M;25;1.61;53.2;20.52389954;7;-1.317083653;-2.7775;2.194238818;22.5423032;0.219016913;31.005;2.09980986;-15.18822172;425.3627673;4.305752857
20;2;M;25;1.61;53.2;20.52389954;8;-1.279384708;-2.563;2.323641299;22.5423032;0.187400911;30.335;2.026381674;-16.06139576;439.1833748;4.221767593
20;2;M;25;1.61;53.2;20.52389954;9;-1.49463715;-2.319;2.275547037;22.5423032;0.114004833;33.142;2.106764215;-14.51378322;492.0425789;4.418352048
20;2;M;25;1.61;53.2;20.52389954;10;0.188463953;-1.709;3.076817549;21.69243511;0.262413686;29.8775;1.894981731;115.101242;444.7024771;4.305403374
21;1;H;19;1.73;76.5;25.56049317;1;-0.375352347;0.122;4.665506782;25.29441425;-0.05898761;30.091;1.772729273;-67.38845369;708.0763302;3.67478053
21;1;H;19;1.73;76.5;25.56049317;2;-0.41306432;-0.549;3.882744674;25.29441425;0.016538651;32.6845;1.82671719;-59.69486158;655.7608526;4.206285322
21;1;H;19;1.73;76.5;25.56049317;3;-0.308444739;-0.244;3.400822429;25.29441425;-0.007539343;34.53075;1.884716187;-83.13767157;694.2355757;4.189478546
21;1;H;19;1.73;76.5;25.56049317;4;-0.109760966;-0.549;3.715503164;25.29441425;0.051223987;33.27925;1.866994296;-234.3693876;721.4299778;3.39043073
21;1;H;19;1.73;76.5;25.56049317;5;-0.061236025;0.549;4.312598414;25.29441425;-0.074783497;27.3745;1.733007457;-399.7664438;695.3405033;2.874218378
21;1;H;19;1.73;76.5;25.56049317;6;-0.177478386;0.122;3.795625129;25.29441425;-0.03460679;30.335;1.847145454;-146.2783166;712.6471381;2.67623814
21;1;H;19;1.73;76.5;25.56049317;7;-0.074865736;-0.122;3.962761625;25.29441425;0.005424751;27.344;1.77310757;-348.1729726;758.509115;1.824409972
21;1;H;19;1.73;76.5;25.56049317;8;-0.604064119;-2.2885;3.51428122;25.29441425;0.176442384;37.3835;1.90369242;-47.41216429;889.934771;3.961728501
21;1;H;19;1.73;76.5;25.56049317;9;-0.59302581;-0.671;3.697142887;25.29441425;0.008885699;29.18925;1.822951922;-44.39222542;755.4359052;2.266576606
21;1;H;19;1.73;76.5;25.56049317;10;-0.79501913;-2.38;3.507097713;28.24693976;0.168334788;32.97425;1.920282845;-35.52988686;808.0913108;3.556291013
21;2;H;19;1.73;76.5;25.56049317;1;0.185205049;-0.305;4.962943179;24.65378334;0.059650688;29.907;1.682540295;133.1161512;681.6805698;3.685505894
21;2;H;19;1.73;76.5;25.56049317;2;-0.080322518;-1.526;4.113973513;24.65378334;0.152302494;33.448;1.870299031;-354.5262048;880.4417247;3.906791956
21;2;H;19;1.73;76.5;25.56049317;3;0.296016818;-0.305;4.529924481;24.65378334;0.064657186;33.692;1.789525148;94.20516026;786.4394496;1.906612602
21;2;H;19;1.73;76.5;25.56049317;4;-0.099962362;-1.648;4.038898301;24.65378334;0.169162971;36.26925;1.796366278;-274.6382082;813.1569222;4.176804398
21;2;H;19;1.73;76.5;25.56049317;5;-0.076137012;-0.488;5.013883859;24.65378334;0.044731621;32.6835;1.737732862;-362.796893;833.9832155;3.296912052
21;2;H;19;1.73;76.5;25.56049317;6;0.334183763;0;4.725558516;24.65378334;0.039189652;27.14575;1.677172116;76.55082101;763.7921545;1.725112403
21;2;H;19;1.73;76.5;25.56049317;7;-0.238517538;-1.404;4.293421483;24.65378334;0.126008671;36.02525;1.736360666;-116.3338894;900.0116432;3.667439123
21;2;H;19;1.73;76.5;25.56049317;8;-0.299817662;-0.732;3.612011432;24.65378334;0.047747729;36.926;1.851651581;-90.56874178;794.7920639;3.719565748
21;2;H;19;1.73;76.5;25.56049317;9;0.196214657;0.244;4.018722224;24.65378334;-0.005614568;30.395;1.844736757;130.1272277;692.6757404;2.415417623
21;2;H;19;1.73;76.5;25.56049317;10;-1.937811938;-1.8615;7.0142176;32.07075455;-0.007138461;37.292;1.641104438;-16.54998296;804.3134031;3.938946999
22;1;H;26;1.83;90.6;27.05365941;1;-2.010631321;-0.488;1.626899349;44.25401086;-0.103219886;83.802;2.243494068;-22.0100077;1978.194127;4.432578914
22;1;H;26;1.83;90.6;27.05365941;2;0.208798965;4.761;1.747271731;44.25401086;-0.299190766;84.16775;2.147748907;218.6080556;2151.994311;4.050249242
22;1;H;26;1.83;90.6;27.05365941;3;-0.333363504;1.465;1.845729884;44.25401086;-0.130600138;73.059;2.209513964;-123.9187569;1774.436442;4.004973501
22;1;H;26;1.83;90.6;27.05365941;4;-0.397628247;5.7675;1.795566766;44.25401086;-0.40992065;79.9865;2.24211743;-113.4713823;2119.841516;3.93135867
22;1;H;26;1.83;90.6;27.05365941;5;-0.359036677;1.282;1.879807097;44.25401086;-0.111608053;75.653;2.206380426;-122.8584956;2028.760967;3.850920997
22;1;H;26;1.83;90.6;27.05365941;6;-0.819776596;5.2795;1.716966156;44.25401086;-0.387159494;84.961;2.207795755;-57.65197039;2266.878761;4.401829262
22;1;H;26;1.83;90.6;27.05365941;7;-1.153495473;4.15;1.803433256;44.25401086;-0.339164813;81.3905;2.169965701;-40.66837064;2348.638234;4.200704578
22;1;H;26;1.83;90.6;27.05365941;8;-1.055794023;3.6925;1.841700154;44.25401086;-0.317480869;78.186;2.18794476;-42.49737439;2043.873044;4.222349962
22;1;H;26;1.83;90.6;27.05365941;9;-0.985026917;4.028;1.872565549;44.25401086;-0.318448384;82.459;2.156865755;-47.94398668;2348.194259;4.392389422
22;1;H;26;1.83;90.6;27.05365941;10;-0.977949495;2.9905;1.75403977;44.25401086;-0.233587343;91.0335;2.230458393;-52.11663635;2729.713695;4.701048386
22;1;H;26;1.83;90.6;27.05365941;11;-1.539842186;1.77;1.829816252;44.25401086;-0.192056904;90.7285;2.149469414;-33.57549342;2814.529079;3.870253593
22;1;H;26;1.83;90.6;27.05365941;12;-1.927246;1.1905;1.678831401;44.25401086;-0.182738515;93.689;2.169093879;-26.55796174;2664.52897;4.123093976
22;2;H;26;1.83;90.6;27.05365941;1;-1.195360159;-0.183;1.812992962;44.08429607;-0.068892571;78.78075;2.125175844;-36.87950927;2005.662711;4.472780998
22;2;H;26;1.83;90.6;27.05365941;2;-0.714836567;4.028;1.870540449;44.08429607;-0.321828566;74.28;2.224233179;-61.84834227;2070.523379;4.534191217
22;2;H;26;1.83;90.6;27.05365941;3;-0.704734593;2.014;1.875026686;44.08429607;-0.178577858;77.08725;2.148572436;-64.80893249;2178.908897;4.577798989
22;2;H;26;1.83;90.6;27.05365941;4;-0.486439006;4.2415;1.921108813;44.08429607;-0.318594798;74.2795;2.108327808;-91.52211479;2134.609842;4.895349139
22;2;H;26;1.83;90.6;27.05365941;5;-0.195384096;5.554;1.942369856;44.08429607;-0.398155323;74.097;2.137622634;-221.7179434;1977.24529;4.383691914
22;2;H;26;1.83;90.6;27.05365941;6;-1.185393798;-1.465;1.859588089;44.08429607;0.019100121;75.439;2.187765946;-37.04838521;2042.976125;4.184011141
22;2;H;26;1.83;90.6;27.05365941;7;-1.181808642;1.4955;1.843426029;44.08429607;-0.175374954;80.0175;2.144145268;-38.75296738;2177.607871;4.651235553
22;2;H;26;1.83;90.6;27.05365941;8;-1.250292862;1.16;1.796422234;44.08429607;-0.164699649;75.69925;2.148687469;-35.11451263;2001.460517;4.194189897
22;2;H;26;1.83;90.6;27.05365941;9;-0.921885179;1.3125;1.738225845;44.08429607;-0.158552128;73.547;2.185672091;-45.85961341;1816.495058;4.281703913
22;2;H;26;1.83;90.6;27.05365941;10;-1.156355283;2.5025;1.927386168;44.08429607;-0.236826404;75.439;2.166249615;-40.08160257;2252.488349;4.285882774
22;2;H;26;1.83;90.6;27.05365941;11;-1.179639222;4.3335;1.867866435;44.08429607;-0.351474663;80.994;2.186948372;-39.8911896;2343.166317;4.477336814
22;2;H;26;1.83;90.6;27.05365941;12;-1.288657552;5.0965;1.715390431;44.08429607;-0.399779814;85.327;2.221145526;-37.18214908;2367.581476;4.307743822
23;1;M;20;1.67;55.3;19.82860626;1;-1.228596921;-0.916;2.087136729;31.73052379;-0.029554847;52.5205;2.154127696;-25.82663463;1177.372025;1.891617823
23;1;M;20;1.67;55.3;19.82860626;2;-4.379837244;-9.094;2.037534935;31.73052379;0.405978731;58.79225;2.038572848;-7.953615143;1231.045852;4.328310565
23;1;M;20;1.67;55.3;19.82860626;3;-1.089718698;-3.723;1.692111951;31.73052379;0.254774413;55.542;2.144276414;-28.4543257;1004.534604;4.301697428
23;1;M;20;1.67;55.3;19.82860626;4;-1.323574841;-4.303;1.721843799;31.73052379;0.28689734;55.9995;2.181295621;-23.53849599;993.7619292;4.403273668
23;1;M;20;1.67;55.3;19.82860626;5;-1.36278064;-4.639;1.718098476;31.73052379;0.318026801;55.46575;2.132179746;-22.67798954;990.7750223;4.392437371
23;1;M;20;1.67;55.3;19.82860626;6;-1.334113597;-1.9835;1.694366216;31.73052379;0.063033051;55.542;2.196525429;-23.16665367;969.3146456;4.02356438
23;1;M;20;1.67;55.3;19.82860626;7;-1.338108646;-2.808;1.747184337;31.73052379;0.151956394;51.9715;2.144398071;-21.68683295;851.2110879;4.064744092
23;1;M;20;1.67;55.3;19.82860626;8;-1.437256525;-5.798;1.743606906;31.73052379;0.464465918;50.58375;2.139423082;-19.59718328;809.6040089;4.160564362
23;1;M;20;1.67;55.3;19.82860626;9;-1.411184481;-1.892;1.851797598;31.73052379;0.050863314;49.91175;2.081665383;-20.09607705;841.1617061;4.268697949
23;1;M;20;1.67;55.3;19.82860626;10;-1.690579024;-4.272;1.777506687;31.73052379;0.268289833;50.476;2.206464381;-17.0742013;863.9118544;4.394933182
23;1;M;20;1.67;55.3;19.82860626;11;-1.969055866;-3.1435;1.90662119;28.88107838;0.121994489;49.713;2.113634887;-14.66747535;861.5667027;4.43686755
23;2;M;20;1.67;55.3;19.82860626;1;-0.418524642;1.1905;1.687149009;33.79619699;-0.142828908;59.265;2.124425311;-80.75079355;1199.33664;4.472128469
23;2;M;20;1.67;55.3;19.82860626;2;-0.481862551;-0.122;1.635675523;33.79619699;-0.032125393;60.44025;2.199554539;-69.74069607;1171.671161;4.45961879
23;2;M;20;1.67;55.3;19.82860626;3;-0.384763877;-2.869;1.66622959;33.79619699;0.229420888;58.82275;2.250359168;-84.42807327;1105.352522;4.458102208
23;2;M;20;1.67;55.3;19.82860626;4;-1.099938792;-4.028;1.674151802;33.79619699;0.274441873;57.495;2.2171121;-29.09929797;1068.425632;4.354918316
23;2;M;20;1.67;55.3;19.82860626;5;-0.722974132;-4.517;1.663612099;33.79619699;0.362412049;57.20525;2.186763008;-43.44063408;1042.579808;4.147807632
25;1;M;19;1.65;51.9;19.06336088;1;1.709416933;0.183;2.240967907;25.80985586;0.177422564;38.696;2.083809075;15.09863121;701.8894411;3.834061464
25;1;M;19;1.65;51.9;19.06336088;2;1.806267969;0;2.381203846;25.80985586;0.188004496;41.9005;2.127273082;15.95706518;869.1031475;3.907306016
25;1;M;19;1.65;51.9;19.06336088;3;1.781657684;0.366;2.3780866;25.80985586;0.157632764;39.3985;2.139721003;15.1219831;790.0800643;3.889897683
25;1;M;19;1.65;51.9;19.06336088;4;2.118242574;1.343;2.320365469;25.80985586;0.075360492;46.0515;2.11347238;14.56932569;961.9479415;4.193523219
25;1;M;19;1.65;51.9;19.06336088;5;1.696451163;1.1905;2.308069876;25.80985586;0.049116515;45.532;2.157738019;18.21633247;1013.402268;3.859661253
25;1;M;19;1.65;51.9;19.06336088;6;1.917034594;-0.549;2.492039174;25.80985586;0.22596727;46.24975;2.075627848;17.07831153;1118.660636;3.907183729
25;1;M;19;1.65;51.9;19.06336088;7;1.937166667;0.122;2.188006338;25.80985586;0.17703298;50.7505;2.117967144;15.87876042;958.1557714;4.134988763
25;1;M;19;1.65;51.9;19.06336088;8;2.170886598;0.977;2.562637541;25.80985586;0.113169556;44.26525;2.10942274;14.57865911;1065.374391;4.154798667
25;1;M;19;1.65;51.9;19.06336088;9;1.879166124;-1.892;2.334221509;25.80985586;0.340829253;49.622;2.140205;17.66423692;1174.775317;3.962429114
25;1;M;19;1.65;51.9;19.06336088;10;2.132767736;-0.2135;2.376506083;25.80985586;0.214298694;49.988;2.142146167;15.4005325;1091.68613;4.049806708
25;1;M;19;1.65;51.9;19.06336088;11;2.248701372;-0.427;2.229963979;25.80985586;0.260099868;48.11125;2.125117844;13.72419813;961.0215143;4.239819846
25;1;M;19;1.65;51.9;19.06336088;12;3.015324088;1.526;4.444632524;26.12706684;0.171009333;25.89425;1.733706872;8.664762418;659.4314657;2.01728888
25;2;M;19;1.65;51.9;19.06336088;1;-3.077987664;-2.075;3.045335303;31.82477926;-0.094547804;39.26025;1.988761731;-10.3394759;1136.401217;3.803563459
25;2;M;19;1.65;51.9;19.06336088;2;-3.367140687;-4.517;2.943555904;31.82477926;0.109555362;42.0225;2.023278842;-9.351279997;1069.535147;3.886016097
25;2;M;19;1.65;51.9;19.06336088;3;-3.338666168;-4.0585;2.768351531;31.82477926;0.071318273;40.588;2.054125284;-9.069423816;1014.228962;3.69792929
25;2;M;19;1.65;51.9;19.06336088;4;-3.104966667;-3.3265;2.741605326;31.82477926;0.021937554;40.466;2.062307866;-9.756975097;985.0507204;4.00767618
25;2;M;19;1.65;51.9;19.06336088;5;-3.291328788;-4.7915;2.795686541;31.82477926;0.149915671;40.223;1.988217496;-9.121027798;993.7495142;4.064328666
25;2;M;19;1.65;51.9;19.06336088;6;-3.146809985;-3.967;2.879588671;31.82477926;0.088852013;37.964;2.00357254;-8.800309439;828.4712471;3.533747901
25;2;M;19;1.65;51.9;19.06336088;7;-3.37187234;-4.639;2.730834824;31.82477926;0.126680391;40.223;2.057646386;-8.899407804;953.0405053;3.9312127
25;2;M;19;1.65;51.9;19.06336088;8;-3.268580952;-3.845;2.658625294;31.82477926;0.059163197;39.978;2.055427838;-8.942288921;911.6097502;3.875655361
25;2;M;19;1.65;51.9;19.06336088;9;-3.322138806;-3.9365;2.717542298;31.82477926;0.062917635;39.917;2.036896457;-8.817690838;931.9375079;3.729341833
25;2;M;19;1.65;51.9;19.06336088;10;-3.132744514;-3.0825;2.851337439;31.82477926;-0.005112029;39.7035;2.027910699;-9.412209579;923.2623231;3.980886836
25;2;M;19;1.65;51.9;19.06336088;11;-3.157643169;-4.028;2.760483832;31.82477926;0.094394422;40.0695;2.052177316;-8.760103089;834.3332792;3.959621984
25;2;M;19;1.65;51.9;19.06336088;12;-1.877292402;-3.479;2.931759029;27.02564578;0.17779863;36.30075;1.994725258;-14.3960769;687.5372814;3.906824331
26;1;M;18;1.5;68.9;30.62222222;1;3.068744663;3.357;2.874019093;38.28544138;-0.022587333;57.11375;1.992005747;12.47592928;1547.435535;4.431241879
26;1;M;18;1.5;68.9;30.62222222;2;3.508277603;3.9975;3.193261776;38.28544138;-0.041893722;51.5445;1.922983088;9.985841881;1317.488169;4.144514037
26;1;M;18;1.5;68.9;30.62222222;3;3.276147757;3.4485;3.367654195;38.28544138;-0.016955839;39.5815;1.894043663;9.307979872;977.641056;2.927749673
26;1;M;18;1.5;68.9;30.62222222;4;3.565855402;6.653;2.573653892;38.28544138;-0.278348951;51.46725;2.000140381;9.33092954;1174.390658;4.345247383
26;1;M;18;1.5;68.9;30.62222222;5;3.208114504;5.8285;2.200926593;38.28544138;-0.225449279;57.1595;2.010728918;10.86895347;1250.382019;4.332611275
26;1;M;18;1.5;68.9;30.62222222;6;3.816263628;7.263;2.362490165;38.28544138;-0.299976701;53.223;2.051974776;9.032405541;1223.706135;4.252060308
26;1;M;18;1.5;68.9;30.62222222;7;3.713035135;8.85;2.170824365;38.28544138;-0.434996023;56.091;2.009205113;9.541430798;1319.577216;4.588208973
26;1;M;18;1.5;68.9;30.62222222;8;4.258767568;8.118;2.436400209;38.28544138;-0.341031304;53.04;2.015529538;7.971572628;1205.611013;4.281136399
26;1;M;18;1.5;68.9;30.62222222;9;3.480742583;5.92;2.298425764;38.28544138;-0.22058791;51.575;2.05542375;9.530710457;1163.779165;4.338344371
26;1;M;18;1.5;68.9;30.62222222;10;3.552140768;8.3315;2.205458697;38.28544138;-0.408101087;57.251;2.044280985;9.890836213;1259.302258;4.726896056
26;1;M;18;1.5;68.9;30.62222222;11;3.81244603;7.813;2.558898314;38.28544138;-0.360885244;51.46825;1.908874373;8.723053951;1124.913177;4.133480926
26;1;M;18;1.5;68.9;30.62222222;12;3.654951656;6.287;2.199369213;38.28544138;-0.233379283;52.4595;2.076775016;9.257019482;1156.62376;4.739425001
26;2;M;18;1.5;68.9;30.62222222;1;2.853774457;4.3945;2.37110649;36.93409068;-0.125146621;57.617;2.028736957;12.94218981;1353.384842;4.155088012
26;2;M;18;1.5;68.9;30.62222222;2;2.769439776;5.371;2.344748958;36.93409068;-0.219159477;56.96125;2.122511439;12.85887449;1342.483188;4.018696944
26;2;M;18;1.5;68.9;30.62222222;3;2.577080734;5.432;2.288195039;36.93409068;-0.237927373;56.458;2.072044571;13.968271;1360.494443;3.956291685
26;2;M;18;1.5;68.9;30.62222222;4;2.906312997;3.784;2.38035031;36.93409068;-0.078886225;50.09475;2.112376257;11.48463942;1187.331648;4.336854916
26;2;M;18;1.5;68.9;30.62222222;5;2.731767552;7.69;2.230887967;36.93409068;-0.423609529;56.091;2.044520523;12.85401124;1296.123108;4.35226108
26;2;M;18;1.5;68.9;30.62222222;6;2.835944947;7.629;2.305944169;36.93409068;-0.438062574;49.439;2.081071188;11.574433;1100.012429;4.223909767
26;2;M;18;1.5;68.9;30.62222222;7;2.028610795;7.568;2.182454174;36.93409068;-0.4792439;55.481;2.133665171;17.09337455;1246.037951;4.483248162
26;2;M;18;1.5;68.9;30.62222222;8;2.815448126;8.179;2.17151822;36.93409068;-0.456601629;55.603;2.041623953;12.51666859;1280.442851;4.191384846
26;2;M;18;1.5;68.9;30.62222222;9;2.443214829;8.606;2.219996724;36.93409068;-0.51834409;55.3895;2.087959039;14.59884431;1315.731404;4.183067437
26;2;M;18;1.5;68.9;30.62222222;10;2.16807037;7.9045;2.141600057;36.93409068;-0.484504563;57.2205;2.0574664;16.38293391;1317.765858;4.436041223
26;2;M;18;1.5;68.9;30.62222222;11;2.956937786;6.409;2.4682487;36.93409068;-0.307764059;49.011;1.98319522;11.37993496;1156.438176;4.276666119
26;2;M;18;1.5;68.9;30.62222222;12;2.472130511;6.47;2.252440182;36.93409068;-0.346173302;53.345;2.129206776;14.01473537;1260.324956;4.575647747
27;1;H;18;1.77;101.2;32.30233969;1;5.713022394;6.958;2.970221135;19.34838948;-0.193035851;24.91725;1.857284396;3.386716897;431.846415;4.157725006
27;1;H;18;1.77;101.2;32.30233969;2;6.01383747;6.042;2.86373634;19.34838948;-0.00475962;23.4065;1.969935181;2.951677549;334.8766904;4.179502371
27;1;H;18;1.77;101.2;32.30233969;3;5.544841857;5.92;2.958468436;19.34838948;-0.063901309;23.26925;1.919318799;3.176411154;349.6550533;4.052233077
27;1;H;18;1.77;101.2;32.30233969;4;6.109046863;6.653;3.114803015;19.34838948;-0.094972224;22.583;1.869514925;2.812630449;325.1204127;3.990120503
27;1;H;18;1.77;101.2;32.30233969;5;5.794015813;6.073;3.125763469;19.34838948;-0.052705728;21.24;1.829976045;2.740711687;275.1869787;3.907047143
27;1;H;18;1.77;101.2;32.30233969;6;6.163304841;7.446;2.993022294;19.34838948;-0.228202396;22.949;1.874287981;2.735967039;300.5902469;3.737196469
27;1;H;18;1.77;101.2;32.30233969;7;5.57481449;5.554;2.74393462;19.34838948;0.003597982;22.766;1.988302126;3.113132482;332.2575815;4.050516027
27;1;H;18;1.77;101.2;32.30233969;8;5.608285032;6.042;2.794603256;19.34838948;-0.069367074;26.184;1.968277794;3.344584798;413.7290377;4.09108723
27;1;H;18;1.77;101.2;32.30233969;9;5.654957212;5.371;3.143406842;19.34838948;0.047829062;21.484;1.951551013;3.149582377;346.6791702;3.814909959
27;1;H;18;1.77;101.2;32.30233969;10;6.035954248;5.737;3.142110241;19.34838948;0.052866763;21.9425;1.938461133;2.810588889;324.6946164;4.011635072
27;1;H;18;1.77;101.2;32.30233969;11;5.772384671;5.798;3.368919011;19.34838948;-0.004812863;20.79775;1.798763993;2.766065404;297.724131;3.877056318
27;1;H;18;1.77;101.2;32.30233969;12;5.860252313;7.324;2.806394258;19.34838948;-0.230865174;26.3975;1.929001929;3.245732597;398.2705125;4.049776243
27;2;H;18;1.77;101.2;32.30233969;1;2.445677108;2.991;3.369168926;18.1765793;-0.090004211;24.42925;1.816076337;7.43212554;359.8974887;3.932767873
27;2;H;18;1.77;101.2;32.30233969;2;3.074776664;4.7;3.374069664;18.1765793;-0.268554799;24.2615;1.812815109;5.904563667;332.045428;3.977465723
27;2;H;18;1.77;101.2;32.30233969;3;2.027838948;2.014;3.045331006;18.1765793;0.002028858;28.70125;1.859304214;10.09111508;449.6577152;3.937736084
27;2;H;18;1.77;101.2;32.30233969;4;2.841819409;3.235;3.586656711;18.1765793;-0.064960161;23.39125;1.823573066;6.389542364;335.5588426;3.81686666
27;2;H;18;1.77;101.2;32.30233969;5;2.448842798;0.977;2.814182555;18.1765793;0.243642529;24.902;1.968590839;7.400629723;345.4917909;3.709734841
27;2;H;18;1.77;101.2;32.30233969;6;2.852084665;2.319;3.127391513;18.1765793;0.096061051;22.9795;1.807769322;5.837241974;302.7858793;3.80470502
27;2;H;18;1.77;101.2;32.30233969;7;2.514230962;1.831;2.874144059;18.1765793;0.099961019;27.3285;1.932766611;8.155544277;429.6157519;3.934243429
27;2;H;18;1.77;101.2;32.30233969;8;1.936311449;1.343;2.810745762;18.1765793;0.102115755;24.902;1.950697253;9.001938025;317.3294661;3.815030739
27;2;H;18;1.77;101.2;32.30233969;9;2.752467341;2.594;3.45711755;18.1765793;0.028321802;22.827;1.784374108;6.098429027;292.5036545;3.840627697
27;2;H;18;1.77;101.2;32.30233969;10;2.696291091;2.2885;2.940500574;18.1765793;0.067339345;24.658;1.943559416;6.737880752;344.5860762;3.810388872
27;2;H;18;1.77;101.2;32.30233969;11;2.558301887;2.686;2.704800336;18.1765793;-0.02220183;25.024;1.9040556;6.744739212;310.7377321;3.696787294
27;2;H;18;1.77;101.2;32.30233969;12;2.884212936;2.502;3.084576068;18.1765793;0.068398495;22.888;1.912291225;5.812363511;300.2059675;3.839379162
28;1;H;22;1.81;102.3;31.22615305;1;4.044540721;3.967;2.368389936;16.85808232;0.013798851;25.207;1.957615042;4.168107946;314.2631578;3.234774013
28;1;H;22;1.81;102.3;31.22615305;2;3.771229979;3.052;2.32338849;16.85808232;0.133361632;25.16225;2.00013998;4.290176094;282.7404487;4.07637232
28;1;H;22;1.81;102.3;31.22615305;3;3.890126685;3.6925;2.398425131;16.85808232;0.032964857;28.1075;1.991032225;4.623298117;343.6475459;4.17754163
28;1;H;22;1.81;102.3;31.22615305;4;3.646445513;3.9975;2.393159184;16.85808232;-0.061694748;25.9705;2.057746573;4.681422743;308.7991506;3.88593862
28;1;H;22;1.81;102.3;31.22615305;5;3.972112914;2.38;2.471769698;16.85808232;0.257022964;27.63375;2.076750902;4.678445837;380.4420709;4.036856682
28;1;H;22;1.81;102.3;31.22615305;6;4.025096649;3.784;2.327105732;16.85808232;0.041967761;26.8245;2.03728741;4.281740238;329.8656796;3.784918585
28;1;H;22;1.81;102.3;31.22615305;7;3.964005754;3.113;2.405718659;16.85808232;0.145651721;26.306;2.023680373;4.421848446;336.8989887;3.708203727
28;1;H;22;1.81;102.3;31.22615305;8;3.802041722;3.174;2.879188906;16.85808232;0.093822796;28.442;1.896185996;5.281831011;472.7974872;3.881636911
28;1;H;22;1.81;102.3;31.22615305;9;3.812239203;2.991;2.316907933;16.85808232;0.130345415;28.32;2.091566332;4.958097082;400.6249775;4.014092397
28;1;H;22;1.81;102.3;31.22615305;10;3.953559533;4.333;2.276909495;16.85808232;-0.059386681;29.419;2.134129507;4.848278576;386.8463138;3.606577251
28;1;H;22;1.81;102.3;31.22615305;11;8.676863366;3.845;10.71745228;31.3494922;0.462386759;33.4165;1.567845492;3.612998254;452.4523987;4.094504806
28;2;H;22;1.81;102.3;31.22615305;1;-0.42849889;-0.305;2.312189206;18.99035533;-0.019509728;28.137;2.09867435;-44.31833031;372.8280223;4.007514987
28;2;H;22;1.81;102.3;31.22615305;2;-0.389888724;-1.404;2.388074059;18.99035533;0.154944658;30.2435;1.97069558;-50.36044774;391.2222926;4.31861424
28;2;H;22;1.81;102.3;31.22615305;3;-0.383698168;-1.526;2.361120449;18.99035533;0.178010998;28.2905;2.068200913;-50.17247971;360.0244421;4.128551318
28;2;H;22;1.81;102.3;31.22615305;4;-0.573451133;-0.549;2.53446742;18.99035533;-0.00415981;25.757;2.003871513;-30.75036818;324.7488504;3.959822203
28;2;H;22;1.81;102.3;31.22615305;5;-0.584400459;-1.343;2.359793853;18.99035533;0.115205001;31.25;1.944207584;-33.80274349;407.4225869;4.112058231
28;2;H;22;1.81;102.3;31.22615305;6;-0.320602462;-0.671;2.53850247;18.99035533;0.058543102;24.91825;2.065786619;-56.00666598;342.8883506;4.077863336
28;2;H;22;1.81;102.3;31.22615305;7;-0.618620968;-2.319;2.62635504;18.99035533;0.238081459;30.9745;1.913145074;-34.63512693;469.6205553;4.071548824
28;2;H;22;1.81;102.3;31.22615305;8;-0.246582409;-0.305;2.284050047;18.99035533;0.008287633;31.87525;2.067409865;-85.7575383;443.7190412;4.419248938
28;2;H;22;1.81;102.3;31.22615305;9;-0.179438735;-2.441;2.340331288;18.99035533;0.343540986;31.26525;2.003015331;-110.0613549;385.059611;4.264360197
28;2;H;22;1.81;102.3;31.22615305;10;-0.331790323;-0.7625;2.293206945;18.99035533;0.066110519;30.4865;2.083653079;-58.90763709;370.8206055;4.142200583
28;2;H;22;1.81;102.3;31.22615305;11;3.512497406;0;11.8341329;29.40077221;0.358408689;26.916;1.50119093;8.37033279;465.5221064;3.648628675
29;1;H;24;1.69;62.9;22.02303841;1;-5.276787445;-5.615;3.334398817;17.88352256;0.056735895;21.3925;1.852152625;-3.389092842;349.4668277;3.956191431
29;1;H;24;1.69;62.9;22.02303841;2;-4.602019017;-4.517;3.676882845;17.88352256;-0.016223449;18.14325;1.853699734;-3.416219278;260.1745026;3.836365992
29;1;H;24;1.69;62.9;22.02303841;3;-4.758179558;-4.6695;3.682736449;17.88352256;-0.016893423;17.456;1.861580464;-3.309682206;263.4737114;3.80174421
29;1;H;24;1.69;62.9;22.02303841;4;-4.966789445;-5.432;3.824060378;17.88352256;0.078140343;19.79125;1.787481678;-3.596000587;326.5330973;3.999159898
29;1;H;24;1.69;62.9;22.02303841;5;-4.807778333;-4.15;3.546623005;17.88352256;-0.112134696;21.1485;1.860108015;-3.66029738;329.9567327;3.927996443
29;1;H;24;1.69;62.9;22.02303841;6;-4.511770383;-4.517;3.871286689;17.88352256;0.000952712;19.531;1.780623429;-3.649911765;296.5275429;3.970138504
29;1;H;24;1.69;62.9;22.02303841;7;-5.044095867;-4.944;3.718298168;17.88352256;-0.017884074;19.043;1.811531196;-3.328799349;311.9078416;4.059174458
29;1;H;24;1.69;62.9;22.02303841;8;-4.797295254;-4.272;3.654507239;17.88352256;-0.090484275;20.2945;1.855894241;-3.630405787;323.3010054;4.022785942
29;1;H;24;1.69;62.9;22.02303841;9;-1.744341895;-3.54;7.579810089;23.20826311;0.232114497;22.584;1.489225986;-13.30488201;309.854597;4.025060815
29;2;H;24;1.69;62.9;22.02303841;1;-0.593142693;-1.282;3.396608048;20.21014117;0.102254205;23.865;1.804048088;-34.07298348;387.2307731;4.02742595
29;2;H;24;1.69;62.9;22.02303841;2;-1.059126335;-0.977;3.644478346;20.21014117;-0.012625592;22.949;1.813889103;-18.42485848;373.928497;4.051099601
29;2;H;24;1.69;62.9;22.02303841;3;-1.056368063;-0.793;3.302430142;20.21014117;-0.043570319;22.156;1.869215996;-17.16636575;326.2250051;3.930175013
29;2;H;24;1.69;62.9;22.02303841;4;-0.992497164;-1.282;3.259402972;20.21014117;0.042610705;24.82575;1.853299619;-20.53648357;437.8146476;4.120252747
29;2;H;24;1.69;62.9;22.02303841;5;-0.721247066;-0.3355;3.089973446;20.21014117;-0.057403543;26.795;1.864281604;-27.9512431;406.2545005;3.997919241
29;2;H;24;1.69;62.9;22.02303841;6;-0.649871763;-0.366;3.538596165;20.21014117;-0.038996785;24.292;1.881204306;-33.60369107;481.9018888;4.074191509
29;2;H;24;1.69;62.9;22.02303841;7;-0.440754598;-1.6785;3.747581763;20.21014117;0.173135;27.405;1.79970446;-48.65985975;407.6779766;4.077648945
29;2;H;24;1.69;62.9;22.02303841;8;-0.694612124;-1.709;2.92170587;20.21014117;0.146343728;27.9545;1.912090122;-29.93703813;434.67151;4.209259291
29;2;H;24;1.69;62.9;22.02303841;9;-0.560748194;-0.549;3.560799586;20.21014117;-0.001913395;20.691;1.908486625;-32.84883011;318.5718231;3.960524528
29;2;H;24;1.69;62.9;22.02303841;10;49.99720879;37.659;1.592026282;33.81470718;1.094630989;62.48475;2.045674927;0.676331899;4039.677836;Inf
30;1;M;19;1.71;70.3;24.04158545;1;-1.666971736;-2.2275;2.402787559;22.13849428;0.075957505;32.776;2.053776112;-13.28066565;490.925835;3.882937425
30;1;M;19;1.71;70.3;24.04158545;2;-1.061028852;-1.587;2.395134549;22.13849428;0.081802454;28.3505;2.115672637;-18.17982308;395.4803236;3.902720613
30;1;M;19;1.71;70.3;24.04158545;3;-1.249736495;-2.594;2.278670355;22.13849428;0.186294165;32.165;2.03460672;-17.32159812;503.4828748;3.967640271
30;1;M;19;1.71;70.3;24.04158545;4;-0.903067841;-2.991;2.439703364;22.13849428;0.312118596;28.38125;1.959937576;-22.22274061;411.0841062;4.145483524
30;1;M;19;1.71;70.3;24.04158545;5;-1.074401693;-3.174;2.339885736;22.13849428;0.30006112;31.616;2.060054043;-19.53804287;474.8679571;4.065920809
30;1;M;19;1.71;70.3;24.04158545;6;-1.170433286;-0.854;2.215506308;22.13849428;-0.043544619;34.18;2.092527364;-18.62611416;495.8774363;4.198935551
30;1;M;19;1.71;70.3;24.04158545;7;-0.888367306;-2.686;2.304640468;22.13849428;0.238963274;34.31725;2.084733957;-25.40378831;527.4071951;4.335569274
30;1;M;19;1.71;70.3;24.04158545;8;-0.906972376;-3.296;2.288139322;22.13849428;0.322973726;33.691;2.048639497;-24.46702544;506.5866934;4.041965491
30;1;M;19;1.71;70.3;24.04158545;9;-1.4012897;-4.9745;2.22389519;22.13849428;0.415804644;39.368;2.057221302;-18.39765908;700.5305627;4.216209912
30;1;M;19;1.71;70.3;24.04158545;10;-1.182226563;-4.028;2.355784506;22.13849428;0.374622067;32.898;2.056571453;-19.27647004;523.9292565;4.148035773
30;1;M;19;1.71;70.3;24.04158545;11;24.26202509;-1.221;4.510187592;50.23551182;1.521813404;36.8495;1.450263838;2.070540758;2912.253969;0.694608101
30;2;M;19;1.71;70.3;24.04158545;1;0.043477438;0.977;2.228753665;26.3313816;-0.106358555;41.443;2.09409742;605.633237;781.2749857;3.502980076
30;2;M;19;1.71;70.3;24.04158545;2;0.074649381;-2.4715;1.942935609;26.3313816;0.279406735;45.6235;2.142176765;366.2199969;773.9881004;4.478444848
30;2;M;19;1.71;70.3;24.04158545;3;-0.175430099;-1.8005;1.986745698;26.3313816;0.170706662;46.57;2.139780456;-162.7941238;831.0603071;4.347461733
30;2;M;19;1.71;70.3;24.04158545;4;-0.134740909;-2.502;2.136293516;26.3313816;0.269446217;41.0465;2.15204792;-195.6119957;687.8598582;4.084812093
30;2;M;19;1.71;70.3;24.04158545;5;-0.187628283;-2.319;2.152119834;26.3313816;0.272966603;37.598;2.081558697;-124.8454254;578.408208;4.14201365
30;2;M;19;1.71;70.3;24.04158545;6;-0.329601317;-2.869;2.246988258;26.3313816;0.324037825;36.3465;2.120216178;-71.32922376;589.7481669;4.346356986
30;2;M;19;1.71;70.3;24.04158545;7;-0.500962438;-3.296;2.226938097;26.3313816;0.315717648;40.75675;2.055808593;-53.01574655;755.3959028;4.244693381
30;2;M;19;1.71;70.3;24.04158545;8;-0.045337428;-4.211;2.190785688;26.3313816;0.497592645;38.8485;2.117580602;-553.9550352;643.6309964;4.246328394
30;2;M;19;1.71;70.3;24.04158545;9;-0.473733006;-2.869;2.213687789;26.3313816;0.30017553;35.93475;2.105166236;-50.53197286;625.5329707;4.123587583
30;2;M;19;1.71;70.3;24.04158545;10;-0.11585529;-3.54;2.270335777;26.3313816;0.43449659;36.133;2.07711248;-204.0662217;590.9153102;4.329806298
30;2;M;19;1.71;70.3;24.04158545;11;1.018414223;-1.526;3.07241694;25.99621839;0.293628964;38.80375;1.780451732;25.52617373;641.5245326;3.389642204
